model_name,dataset_name,job_type,group,n_gpus,runtime,n_samples,epochs,max_epochs
microsoft/beit-large-patch16-512,aharley/rvl_cdip,train,aharley/rvl_cdip_20231130-151813-370445,1,254866.07268118855,896000.0,2.8,10.0
facebook/deit-small-patch16-224,aharley/rvl_cdip,train,aharley/rvl_cdip_20231130-151813-370445,2,86460.06073236465,3200000.0,10.0,10.0
microsoft/beit-large-patch16-512,huggan/wikiart,train,huggan/wikiart_20231130-184447-563098,1,172383.36844587326,488664.0,8.0,10.0
facebook/dinov2-base-imagenet1k-1-layer,pcuenq/oxford-pets,train,pcuenq/oxford-pets_20231130-134100-654677,1,2775.050471305847,55117.5,10.0,10.0
facebook/dinov2-small-imagenet1k-1-layer,pcuenq/oxford-pets,train,pcuenq/oxford-pets_20231130-134100-654677,1,2134.2533960342407,55117.5,10.0,10.0
facebook/dinov2-base-imagenet1k-1-layer,pcuenq/oxford-pets,train,pcuenq/oxford-pets_20231130-134100-654677,1,13694.6371986866,551175.0,100.0,100.0
facebook/dinov2-small-imagenet1k-1-layer,pcuenq/oxford-pets,train,pcuenq/oxford-pets_20231130-134100-654677,1,10667.09417772293,551175.0,100.0,100.0
microsoft/beit-large-patch16-512,huggan/wikiart,train,huggan/wikiart_20231117-102011-747776,3,108497.32421326636,610830.0,10.0,10.0
microsoft/swinv2-base-patch4-window8-256,pcuenq/oxford-pets,metrics,pcuenq/oxford-pets_20231121-190822-362963,1,164.73997807502747,7390.0,,
microsoft/swinv2-base-patch4-window8-256,pcuenq/oxford-pets,metrics,pcuenq/oxford-pets_20231121-190822-362963,1,87.46787905693054,3500.0,,
microsoft/swinv2-base-patch4-window8-256,pcuenq/oxford-pets,metrics,pcuenq/oxford-pets_20231121-190822-362963,1,130.45774245262146,5500.0,,
microsoft/swinv2-base-patch4-window8-256,pcuenq/oxford-pets,metrics,pcuenq/oxford-pets_20231121-190822-362963,1,40.71607851982117,1000.0,,
microsoft/swinv2-base-patch4-window8-256,pcuenq/oxford-pets,metrics,pcuenq/oxford-pets_20231121-190822-362963,1,21.61496520042419,500.0,,
microsoft/swinv2-base-patch4-window8-256,pcuenq/oxford-pets,metrics,pcuenq/oxford-pets_20231121-190822-362963,1,53.718944787979126,2000.0,,
Intel/vit-base-patch16-224-int8-static,pcuenq/oxford-pets,metrics,pcuenq/oxford-pets_20231121-190822-362963,1,88.19979882240295,5500.0,,
Intel/vit-base-patch16-224-int8-static,pcuenq/oxford-pets,metrics,pcuenq/oxford-pets_20231121-190822-362963,1,117.94821357727052,7390.0,,
Intel/vit-base-patch16-224-int8-static,pcuenq/oxford-pets,metrics,pcuenq/oxford-pets_20231121-190822-362963,1,78.48346066474915,3500.0,,
Intel/vit-base-patch16-224-int8-static,pcuenq/oxford-pets,metrics,pcuenq/oxford-pets_20231121-190822-362963,1,46.76442766189575,2000.0,,
Intel/vit-base-patch16-224-int8-static,pcuenq/oxford-pets,metrics,pcuenq/oxford-pets_20231121-190822-362963,1,35.64347958564758,1000.0,,
Intel/vit-base-patch16-224-int8-static,pcuenq/oxford-pets,metrics,pcuenq/oxford-pets_20231121-190822-362963,1,26.035194396972656,500.0,,
microsoft/swin-base-patch4-window12-384,pcuenq/oxford-pets,metrics,pcuenq/oxford-pets_20231121-190822-362963,1,203.70421314239505,7390.0,,
microsoft/swin-base-patch4-window12-384,pcuenq/oxford-pets,metrics,pcuenq/oxford-pets_20231121-190822-362963,1,162.36456966400146,5500.0,,
microsoft/swin-base-patch4-window12-384,pcuenq/oxford-pets,metrics,pcuenq/oxford-pets_20231121-190822-362963,1,109.28757429122923,3500.0,,
microsoft/swin-base-patch4-window12-384,pcuenq/oxford-pets,metrics,pcuenq/oxford-pets_20231121-190822-362963,1,42.58953619003296,1000.0,,
microsoft/swin-base-patch4-window12-384,pcuenq/oxford-pets,metrics,pcuenq/oxford-pets_20231121-190822-362963,1,70.59346675872803,2000.0,,
facebook/dinov2-base-imagenet1k-1-layer,pcuenq/oxford-pets,metrics,pcuenq/oxford-pets_20231121-190822-362963,1,187.1542916297913,7390.0,,
microsoft/swin-base-patch4-window12-384,pcuenq/oxford-pets,metrics,pcuenq/oxford-pets_20231121-190822-362963,1,31.936317443847656,500.0,,
facebook/dinov2-base-imagenet1k-1-layer,pcuenq/oxford-pets,metrics,pcuenq/oxford-pets_20231121-190822-362963,1,132.41754603385925,5500.0,,
facebook/dinov2-base-imagenet1k-1-layer,pcuenq/oxford-pets,metrics,pcuenq/oxford-pets_20231121-190822-362963,1,57.49989151954651,2000.0,,
facebook/dinov2-base-imagenet1k-1-layer,pcuenq/oxford-pets,metrics,pcuenq/oxford-pets_20231121-190822-362963,1,94.8770353794098,3500.0,,
facebook/dinov2-base-imagenet1k-1-layer,pcuenq/oxford-pets,metrics,pcuenq/oxford-pets_20231121-190822-362963,1,23.959088802337646,500.0,,
facebook/dinov2-base-imagenet1k-1-layer,pcuenq/oxford-pets,metrics,pcuenq/oxford-pets_20231121-190822-362963,1,33.94015598297119,1000.0,,
facebook/dinov2-small-imagenet1k-1-layer,pcuenq/oxford-pets,metrics,pcuenq/oxford-pets_20231121-190822-362963,1,141.542227268219,7390.0,,
facebook/dinov2-small-imagenet1k-1-layer,pcuenq/oxford-pets,metrics,pcuenq/oxford-pets_20231121-190822-362963,1,106.0348298549652,5500.0,,
facebook/dinov2-small-imagenet1k-1-layer,pcuenq/oxford-pets,metrics,pcuenq/oxford-pets_20231121-190822-362963,1,28.93442940711975,1000.0,,
facebook/dinov2-small-imagenet1k-1-layer,pcuenq/oxford-pets,metrics,pcuenq/oxford-pets_20231121-190822-362963,1,71.98937606811523,3500.0,,
facebook/dinov2-small-imagenet1k-1-layer,pcuenq/oxford-pets,metrics,pcuenq/oxford-pets_20231121-190822-362963,1,19.528543710708615,500.0,,
facebook/dinov2-small-imagenet1k-1-layer,pcuenq/oxford-pets,metrics,pcuenq/oxford-pets_20231121-190822-362963,1,45.946579933166504,2000.0,,
microsoft/swin-large-patch4-window12-384-in22k,pcuenq/oxford-pets,metrics,pcuenq/oxford-pets_20231121-190822-362963,1,290.86182403564453,7390.0,,
microsoft/swin-large-patch4-window12-384-in22k,pcuenq/oxford-pets,metrics,pcuenq/oxford-pets_20231121-190822-362963,1,132.14341759681702,3500.0,,
microsoft/swin-large-patch4-window12-384-in22k,pcuenq/oxford-pets,metrics,pcuenq/oxford-pets_20231121-190822-362963,1,190.2507140636444,5500.0,,
microsoft/swin-large-patch4-window12-384-in22k,pcuenq/oxford-pets,metrics,pcuenq/oxford-pets_20231121-190822-362963,1,82.41719341278076,2000.0,,
microsoft/swin-large-patch4-window12-384-in22k,pcuenq/oxford-pets,metrics,pcuenq/oxford-pets_20231121-190822-362963,1,49.0774130821228,1000.0,,
microsoft/swin-large-patch4-window12-384-in22k,pcuenq/oxford-pets,metrics,pcuenq/oxford-pets_20231121-190822-362963,1,35.295467138290405,500.0,,
microsoft/beit-base-patch16-224-pt22k-ft22k,pcuenq/oxford-pets,metrics,pcuenq/oxford-pets_20231121-190822-362963,1,99.80988645553587,5500.0,,
microsoft/beit-base-patch16-224-pt22k-ft22k,pcuenq/oxford-pets,metrics,pcuenq/oxford-pets_20231121-190822-362963,1,125.36316323280334,7390.0,,
microsoft/beit-base-patch16-224-pt22k-ft22k,pcuenq/oxford-pets,metrics,pcuenq/oxford-pets_20231121-190822-362963,1,52.30683422088623,2000.0,,
microsoft/beit-base-patch16-224-pt22k-ft22k,pcuenq/oxford-pets,metrics,pcuenq/oxford-pets_20231121-190822-362963,1,67.84781122207642,3500.0,,
microsoft/beit-base-patch16-224-pt22k-ft22k,pcuenq/oxford-pets,metrics,pcuenq/oxford-pets_20231121-190822-362963,1,28.389194011688232,1000.0,,
microsoft/beit-base-patch16-224-pt22k-ft22k,pcuenq/oxford-pets,metrics,pcuenq/oxford-pets_20231121-190822-362963,1,21.716190814971924,500.0,,
microsoft/beit-base-patch16-224,pcuenq/oxford-pets,metrics,pcuenq/oxford-pets_20231121-190822-362963,1,69.35586428642273,3500.0,,
microsoft/beit-base-patch16-224,pcuenq/oxford-pets,metrics,pcuenq/oxford-pets_20231121-190822-362963,1,127.65154385566711,7390.0,,
microsoft/beit-base-patch16-224,pcuenq/oxford-pets,metrics,pcuenq/oxford-pets_20231121-190822-362963,1,95.51128792762756,5500.0,,
microsoft/beit-base-patch16-224,pcuenq/oxford-pets,metrics,pcuenq/oxford-pets_20231121-190822-362963,1,43.442421674728394,2000.0,,
microsoft/beit-base-patch16-224,pcuenq/oxford-pets,metrics,pcuenq/oxford-pets_20231121-190822-362963,1,31.033390998840332,1000.0,,
microsoft/beit-large-patch16-512,pcuenq/oxford-pets,metrics,pcuenq/oxford-pets_20231121-190822-362963,1,640.8747165203094,7390.0,,
microsoft/beit-base-patch16-224,pcuenq/oxford-pets,metrics,pcuenq/oxford-pets_20231121-190822-362963,1,21.60788059234619,500.0,,
microsoft/beit-large-patch16-512,pcuenq/oxford-pets,metrics,pcuenq/oxford-pets_20231121-190822-362963,1,468.3295316696167,5500.0,,
microsoft/beit-large-patch16-512,pcuenq/oxford-pets,metrics,pcuenq/oxford-pets_20231121-190822-362963,1,280.41634011268616,3500.0,,
facebook/deit-base-patch16-384,pcuenq/oxford-pets,metrics,pcuenq/oxford-pets_20231121-190822-362963,1,148.75503492355347,5500.0,,
microsoft/beit-large-patch16-512,pcuenq/oxford-pets,metrics,pcuenq/oxford-pets_20231121-190822-362963,1,197.0956997871399,2000.0,,
facebook/deit-base-patch16-384,pcuenq/oxford-pets,metrics,pcuenq/oxford-pets_20231121-190822-362963,1,101.66167879104614,3500.0,,
microsoft/beit-large-patch16-512,pcuenq/oxford-pets,metrics,pcuenq/oxford-pets_20231121-190822-362963,1,62.312084674835205,500.0,,
facebook/deit-base-patch16-384,pcuenq/oxford-pets,metrics,pcuenq/oxford-pets_20231121-190822-362963,1,184.33486604690552,7390.0,,
microsoft/beit-large-patch16-512,pcuenq/oxford-pets,metrics,pcuenq/oxford-pets_20231121-190822-362963,1,103.3958866596222,1000.0,,
facebook/deit-base-patch16-384,pcuenq/oxford-pets,metrics,pcuenq/oxford-pets_20231121-190822-362963,1,26.2146418094635,500.0,,
facebook/deit-base-patch16-384,pcuenq/oxford-pets,metrics,pcuenq/oxford-pets_20231121-190822-362963,1,38.089486837387085,1000.0,,
facebook/deit-base-patch16-384,pcuenq/oxford-pets,metrics,pcuenq/oxford-pets_20231121-190822-362963,1,63.502723932266235,2000.0,,
microsoft/cvt-21-384-22k,pcuenq/oxford-pets,metrics,pcuenq/oxford-pets_20231121-190822-362963,1,235.5028691291809,7390.0,,
microsoft/cvt-21-384-22k,pcuenq/oxford-pets,metrics,pcuenq/oxford-pets_20231121-190822-362963,1,133.51016235351562,5500.0,,
microsoft/cvt-21-384-22k,pcuenq/oxford-pets,metrics,pcuenq/oxford-pets_20231121-190822-362963,1,101.15408849716188,3500.0,,
microsoft/cvt-21-384-22k,pcuenq/oxford-pets,metrics,pcuenq/oxford-pets_20231121-190822-362963,1,22.593312740325928,500.0,,
microsoft/cvt-21-384-22k,pcuenq/oxford-pets,metrics,pcuenq/oxford-pets_20231121-190822-362963,1,59.7973735332489,2000.0,,
microsoft/cvt-21-384-22k,pcuenq/oxford-pets,metrics,pcuenq/oxford-pets_20231121-190822-362963,1,35.60097098350525,1000.0,,
microsoft/cvt-13,pcuenq/oxford-pets,metrics,pcuenq/oxford-pets_20231121-190822-362963,1,137.0739951133728,7390.0,,
microsoft/cvt-13,pcuenq/oxford-pets,metrics,pcuenq/oxford-pets_20231121-190822-362963,1,52.73002910614014,2000.0,,
microsoft/cvt-13,pcuenq/oxford-pets,metrics,pcuenq/oxford-pets_20231121-190822-362963,1,81.447256565094,3500.0,,
microsoft/cvt-13,pcuenq/oxford-pets,metrics,pcuenq/oxford-pets_20231121-190822-362963,1,108.82757759094238,5500.0,,
microsoft/cvt-13,pcuenq/oxford-pets,metrics,pcuenq/oxford-pets_20231121-190822-362963,1,27.965447902679443,1000.0,,
google/vit-large-patch16-224,pcuenq/oxford-pets,metrics,pcuenq/oxford-pets_20231121-190822-362963,1,95.33942127227785,3500.0,,
microsoft/cvt-13,pcuenq/oxford-pets,metrics,pcuenq/oxford-pets_20231121-190822-362963,1,28.860581874847412,500.0,,
google/vit-large-patch16-224,pcuenq/oxford-pets,metrics,pcuenq/oxford-pets_20231121-190822-362963,1,137.53311800956726,5500.0,,
google/vit-large-patch16-224,pcuenq/oxford-pets,metrics,pcuenq/oxford-pets_20231121-190822-362963,1,154.44048261642456,7390.0,,
google/vit-large-patch16-224,pcuenq/oxford-pets,metrics,pcuenq/oxford-pets_20231121-190822-362963,1,42.271074295043945,1000.0,,
google/vit-large-patch16-224,pcuenq/oxford-pets,metrics,pcuenq/oxford-pets_20231121-190822-362963,1,64.56177973747253,2000.0,,
google/vit-large-patch16-224,pcuenq/oxford-pets,metrics,pcuenq/oxford-pets_20231121-190822-362963,1,33.004271507263184,500.0,,
google/vit-base-patch16-384,pcuenq/oxford-pets,metrics,pcuenq/oxford-pets_20231121-190822-362963,1,97.97476983070374,3500.0,,
google/vit-base-patch16-384,pcuenq/oxford-pets,metrics,pcuenq/oxford-pets_20231121-190822-362963,1,145.72408080101013,5500.0,,
google/vit-base-patch16-384,pcuenq/oxford-pets,metrics,pcuenq/oxford-pets_20231121-190822-362963,1,209.8319940567017,7390.0,,
google/vit-base-patch16-384,pcuenq/oxford-pets,metrics,pcuenq/oxford-pets_20231121-190822-362963,1,45.098846435546875,1000.0,,
google/vit-base-patch16-384,pcuenq/oxford-pets,metrics,pcuenq/oxford-pets_20231121-190822-362963,1,75.07998538017273,2000.0,,
google/vit-base-patch16-384,pcuenq/oxford-pets,metrics,pcuenq/oxford-pets_20231121-190822-362963,1,24.88735866546631,500.0,,
apple/mobilevit-xx-small,pcuenq/oxford-pets,metrics,pcuenq/oxford-pets_20231121-190822-362963,1,104.59915685653688,5500.0,,
apple/mobilevit-xx-small,pcuenq/oxford-pets,metrics,pcuenq/oxford-pets_20231121-190822-362963,1,118.69229483604433,7390.0,,
apple/mobilevit-xx-small,pcuenq/oxford-pets,metrics,pcuenq/oxford-pets_20231121-190822-362963,1,56.59592032432556,3500.0,,
apple/mobilevit-xx-small,pcuenq/oxford-pets,metrics,pcuenq/oxford-pets_20231121-190822-362963,1,27.90315079689026,1000.0,,
apple/mobilevit-small,pcuenq/oxford-pets,metrics,pcuenq/oxford-pets_20231121-190822-362963,1,68.42648983001709,3500.0,,
apple/mobilevit-xx-small,pcuenq/oxford-pets,metrics,pcuenq/oxford-pets_20231121-190822-362963,1,43.92621874809265,2000.0,,
apple/mobilevit-small,pcuenq/oxford-pets,metrics,pcuenq/oxford-pets_20231121-190822-362963,1,109.41713428497314,7390.0,,
apple/mobilevit-small,pcuenq/oxford-pets,metrics,pcuenq/oxford-pets_20231121-190822-362963,1,95.30768370628356,5500.0,,
apple/mobilevit-xx-small,pcuenq/oxford-pets,metrics,pcuenq/oxford-pets_20231121-190822-362963,1,18.428107261657715,500.0,,
apple/mobilevit-small,pcuenq/oxford-pets,metrics,pcuenq/oxford-pets_20231121-190822-362963,1,45.91607141494751,2000.0,,
apple/mobilevit-small,pcuenq/oxford-pets,metrics,pcuenq/oxford-pets_20231121-190822-362963,1,24.86823606491089,1000.0,,
apple/mobilevit-small,pcuenq/oxford-pets,metrics,pcuenq/oxford-pets_20231121-190822-362963,1,19.62598752975464,500.0,,
facebook/deit-base-patch16-224,pcuenq/oxford-pets,metrics,pcuenq/oxford-pets_20231121-190822-362963,1,91.63264012336732,5500.0,,
facebook/deit-base-patch16-224,pcuenq/oxford-pets,metrics,pcuenq/oxford-pets_20231121-190822-362963,1,125.4339816570282,7390.0,,
facebook/deit-base-patch16-224,pcuenq/oxford-pets,metrics,pcuenq/oxford-pets_20231121-190822-362963,1,66.0540816783905,3500.0,,
facebook/deit-base-patch16-224,pcuenq/oxford-pets,metrics,pcuenq/oxford-pets_20231121-190822-362963,1,42.8699324131012,2000.0,,
facebook/deit-small-patch16-224,pcuenq/oxford-pets,metrics,pcuenq/oxford-pets_20231121-190822-362963,1,100.79448294639587,5500.0,,
facebook/deit-small-patch16-224,pcuenq/oxford-pets,metrics,pcuenq/oxford-pets_20231121-190822-362963,1,47.3208966255188,2000.0,,
facebook/deit-small-patch16-224,pcuenq/oxford-pets,metrics,pcuenq/oxford-pets_20231121-190822-362963,1,71.05288124084473,3500.0,,
facebook/deit-tiny-patch16-224,pcuenq/oxford-pets,metrics,pcuenq/oxford-pets_20231121-190822-362963,1,39.63760805130005,2000.0,,
facebook/deit-tiny-patch16-224,pcuenq/oxford-pets,metrics,pcuenq/oxford-pets_20231121-190822-362963,1,25.7752583026886,1000.0,,
facebook/deit-tiny-patch16-224,pcuenq/oxford-pets,metrics,pcuenq/oxford-pets_20231121-190822-362963,1,20.455526113510132,500.0,,
facebook/deit-base-patch16-224,pcuenq/oxford-pets,metrics,pcuenq/oxford-pets_20231121-190822-362963,1,25.490305185317993,500.0,,
facebook/deit-small-patch16-224,pcuenq/oxford-pets,metrics,pcuenq/oxford-pets_20231121-190822-362963,1,29.14438772201538,1000.0,,
facebook/deit-base-patch16-224,pcuenq/oxford-pets,metrics,pcuenq/oxford-pets_20231121-190822-362963,1,26.99309539794922,1000.0,,
facebook/deit-small-patch16-224,pcuenq/oxford-pets,metrics,pcuenq/oxford-pets_20231121-190822-362963,1,112.01049304008484,7390.0,,
facebook/deit-tiny-patch16-224,pcuenq/oxford-pets,metrics,pcuenq/oxford-pets_20231121-190822-362963,1,87.68607711791992,5500.0,,
facebook/deit-tiny-patch16-224,pcuenq/oxford-pets,metrics,pcuenq/oxford-pets_20231121-190822-362963,1,61.5426070690155,3500.0,,
facebook/deit-small-patch16-224,pcuenq/oxford-pets,metrics,pcuenq/oxford-pets_20231121-190822-362963,1,18.870037317276,500.0,,
facebook/deit-tiny-patch16-224,pcuenq/oxford-pets,metrics,pcuenq/oxford-pets_20231121-190822-362963,1,97.229590177536,7390.0,,
microsoft/swin-base-patch4-window12-384,huggan/wikiart,train,huggan/wikiart_20231117-102011-747776,2,59102.90164017677,610830.0,10.0,10.0
google/vit-base-patch16-384,huggan/wikiart,train,huggan/wikiart_20231117-102011-747776,2,51548.89686727524,610830.0,10.0,10.0
microsoft/swin-large-patch4-window12-384-in22k,huggan/wikiart,train,huggan/wikiart_20231117-102011-747776,2,70906.8880136013,610830.0,10.0,10.0
facebook/deit-base-patch16-384,huggan/wikiart,train,huggan/wikiart_20231117-102011-747776,2,46611.04890322685,610830.0,10.0,10.0
microsoft/cvt-21-384-22k,huggan/wikiart,train,huggan/wikiart_20231117-102011-747776,2,53347.17986035347,610830.0,10.0,10.0
apple/mobilevit-small,huggan/wikiart,train,huggan/wikiart_20231117-102011-747776,1,23789.790360450745,610830.0,10.0,10.0
microsoft/swinv2-base-patch4-window8-256,huggan/wikiart,train,huggan/wikiart_20231117-102011-747776,1,36105.24926042557,610830.0,10.0,10.0
Intel/vit-base-patch16-224-int8-static,huggan/wikiart,train,huggan/wikiart_20231117-102011-747776,1,24767.207716941833,610830.0,10.0,10.0
facebook/dinov2-base-imagenet1k-1-layer,huggan/wikiart,train,huggan/wikiart_20231117-102011-747776,1,30844.074517965317,610830.0,10.0,10.0
facebook/dinov2-small-imagenet1k-1-layer,huggan/wikiart,train,huggan/wikiart_20231117-102011-747776,1,24433.448844194412,610830.0,10.0,10.0
microsoft/beit-base-patch16-224-pt22k-ft22k,huggan/wikiart,train,huggan/wikiart_20231117-102011-747776,1,27173.630613327023,610830.0,10.0,10.0
microsoft/beit-base-patch16-224,huggan/wikiart,train,huggan/wikiart_20231117-102011-747776,1,25891.91780781746,610830.0,10.0,10.0
microsoft/cvt-13,huggan/wikiart,train,huggan/wikiart_20231117-102011-747776,1,24480.87150001526,610830.0,10.0,10.0
apple/mobilevit-xx-small,huggan/wikiart,train,huggan/wikiart_20231117-102011-747776,1,25540.241286754608,610830.0,10.0,10.0
google/vit-large-patch16-224,huggan/wikiart,train,huggan/wikiart_20231117-102011-747776,1,44544.18090963364,610830.0,10.0,10.0
facebook/deit-small-patch16-224,huggan/wikiart,train,huggan/wikiart_20231117-102011-747776,1,18404.51259636879,537530.4,8.8,10.0
facebook/deit-base-patch16-224,huggan/wikiart,train,huggan/wikiart_20231117-102011-747776,1,21173.16943526268,513097.2,8.4,10.0
Intel/vit-base-patch16-224-int8-static,aharley/rvl_cdip,metrics,aharley/rvl_cdip_20231117-142726-444937,1,5712.358772993088,300000.0,,
facebook/deit-tiny-patch16-224,huggan/wikiart,train,huggan/wikiart_20231117-102011-747776,1,18542.334639549255,561963.6,9.2,10.0
Intel/vit-base-patch16-224-int8-static,aharley/rvl_cdip,metrics,aharley/rvl_cdip_20231117-142726-444937,1,589.2226324081421,30000.0,,
Intel/vit-base-patch16-224-int8-static,aharley/rvl_cdip,metrics,aharley/rvl_cdip_20231117-142726-444937,1,234.7179923057556,10000.0,,
Intel/vit-base-patch16-224-int8-static,aharley/rvl_cdip,metrics,aharley/rvl_cdip_20231117-142726-444937,1,34.73257875442505,1000.0,,
Intel/vit-base-patch16-224-int8-static,aharley/rvl_cdip,metrics,aharley/rvl_cdip_20231117-142726-444937,1,28.814045429229736,500.0,,
microsoft/swin-base-patch4-window12-384,aharley/rvl_cdip,metrics,aharley/rvl_cdip_20231117-142726-444937,1,9984.337484121324,300000.0,,
microsoft/swin-base-patch4-window12-384,aharley/rvl_cdip,metrics,aharley/rvl_cdip_20231117-142726-444937,1,1100.1003921031952,30000.0,,
microsoft/swin-base-patch4-window12-384,aharley/rvl_cdip,metrics,aharley/rvl_cdip_20231117-142726-444937,1,384.15972113609314,10000.0,,
microsoft/swin-base-patch4-window12-384,aharley/rvl_cdip,metrics,aharley/rvl_cdip_20231117-142726-444937,1,45.80856704711914,1000.0,,
microsoft/swin-base-patch4-window12-384,aharley/rvl_cdip,metrics,aharley/rvl_cdip_20231117-142726-444937,1,28.179714679718018,500.0,,
facebook/dinov2-small-imagenet1k-1-layer,aharley/rvl_cdip,metrics,aharley/rvl_cdip_20231117-142726-444937,1,8062.662850856781,300000.0,,
facebook/dinov2-small-imagenet1k-1-layer,aharley/rvl_cdip,metrics,aharley/rvl_cdip_20231117-142726-444937,1,692.087096452713,30000.0,,
facebook/dinov2-small-imagenet1k-1-layer,aharley/rvl_cdip,metrics,aharley/rvl_cdip_20231117-142726-444937,1,248.70037126541135,10000.0,,
facebook/dinov2-small-imagenet1k-1-layer,aharley/rvl_cdip,metrics,aharley/rvl_cdip_20231117-142726-444937,1,35.14525127410889,1000.0,,
facebook/dinov2-small-imagenet1k-1-layer,aharley/rvl_cdip,metrics,aharley/rvl_cdip_20231117-142726-444937,1,24.38421392440796,500.0,,
facebook/dinov2-base-imagenet1k-1-layer,aharley/rvl_cdip,metrics,aharley/rvl_cdip_20231117-142726-444937,1,9024.803353309631,300000.0,,
facebook/dinov2-base-imagenet1k-1-layer,aharley/rvl_cdip,metrics,aharley/rvl_cdip_20231117-142726-444937,1,886.7564375400543,30000.0,,
facebook/dinov2-base-imagenet1k-1-layer,aharley/rvl_cdip,metrics,aharley/rvl_cdip_20231117-142726-444937,1,282.36934518814087,10000.0,,
facebook/dinov2-base-imagenet1k-1-layer,aharley/rvl_cdip,metrics,aharley/rvl_cdip_20231117-142726-444937,1,40.908032178878784,1000.0,,
facebook/dinov2-base-imagenet1k-1-layer,aharley/rvl_cdip,metrics,aharley/rvl_cdip_20231117-142726-444937,1,24.629873991012573,500.0,,
microsoft/swinv2-base-patch4-window8-256,huggan/wikiart,metrics,huggan/wikiart_20231117-102011-747776,1,3431.4950201511383,60000.0,,
microsoft/swinv2-base-patch4-window8-256,huggan/wikiart,metrics,huggan/wikiart_20231117-102011-747776,1,1634.5463910102844,30000.0,,
microsoft/swinv2-base-patch4-window8-256,huggan/wikiart,metrics,huggan/wikiart_20231117-102011-747776,1,576.7482845783234,10000.0,,
microsoft/swinv2-base-patch4-window8-256,huggan/wikiart,metrics,huggan/wikiart_20231117-102011-747776,1,73.58356857299805,1000.0,,
microsoft/swinv2-base-patch4-window8-256,huggan/wikiart,metrics,huggan/wikiart_20231117-102011-747776,1,45.10740661621094,500.0,,
Intel/vit-base-patch16-224-int8-static,huggan/wikiart,metrics,huggan/wikiart_20231117-102011-747776,1,2989.7093114852905,60000.0,,
Intel/vit-base-patch16-224-int8-static,huggan/wikiart,metrics,huggan/wikiart_20231117-102011-747776,1,1402.0275132656095,30000.0,,
Intel/vit-base-patch16-224-int8-static,huggan/wikiart,metrics,huggan/wikiart_20231117-102011-747776,1,478.9223477840424,10000.0,,
Intel/vit-base-patch16-224-int8-static,huggan/wikiart,metrics,huggan/wikiart_20231117-102011-747776,1,65.60229349136353,1000.0,,
Intel/vit-base-patch16-224-int8-static,huggan/wikiart,metrics,huggan/wikiart_20231117-102011-747776,1,44.24276661872864,500.0,,
microsoft/swin-base-patch4-window12-384,huggan/wikiart,metrics,huggan/wikiart_20231117-102011-747776,1,3918.54571390152,60000.0,,
microsoft/swin-base-patch4-window12-384,huggan/wikiart,metrics,huggan/wikiart_20231117-102011-747776,1,1997.7715771198273,30000.0,,
microsoft/swin-base-patch4-window12-384,huggan/wikiart,metrics,huggan/wikiart_20231117-102011-747776,1,680.5073747634888,10000.0,,
microsoft/swin-base-patch4-window12-384,huggan/wikiart,metrics,huggan/wikiart_20231117-102011-747776,1,86.00881600379944,1000.0,,
microsoft/swin-base-patch4-window12-384,huggan/wikiart,metrics,huggan/wikiart_20231117-102011-747776,1,50.82708024978638,500.0,,
facebook/dinov2-base-imagenet1k-1-layer,huggan/wikiart,metrics,huggan/wikiart_20231117-102011-747776,1,3267.4869606494904,60000.0,,
facebook/dinov2-base-imagenet1k-1-layer,huggan/wikiart,metrics,huggan/wikiart_20231117-102011-747776,1,1704.4202003479004,30000.0,,
facebook/dinov2-base-imagenet1k-1-layer,huggan/wikiart,metrics,huggan/wikiart_20231117-102011-747776,1,614.2368984222412,10000.0,,
facebook/dinov2-base-imagenet1k-1-layer,huggan/wikiart,metrics,huggan/wikiart_20231117-102011-747776,1,77.12350463867188,1000.0,,
facebook/dinov2-base-imagenet1k-1-layer,huggan/wikiart,metrics,huggan/wikiart_20231117-102011-747776,1,47.637067794799805,500.0,,
facebook/dinov2-small-imagenet1k-1-layer,huggan/wikiart,metrics,huggan/wikiart_20231117-102011-747776,1,3589.605702161789,60000.0,,
facebook/dinov2-small-imagenet1k-1-layer,huggan/wikiart,metrics,huggan/wikiart_20231117-102011-747776,1,1763.1063520908356,30000.0,,
facebook/dinov2-small-imagenet1k-1-layer,huggan/wikiart,metrics,huggan/wikiart_20231117-102011-747776,1,573.0364499092102,10000.0,,
facebook/dinov2-small-imagenet1k-1-layer,huggan/wikiart,metrics,huggan/wikiart_20231117-102011-747776,1,66.77215099334717,1000.0,,
microsoft/swin-large-patch4-window12-384-in22k,huggan/wikiart,metrics,huggan/wikiart_20231117-102011-747776,1,4424.594316959381,60000.0,,
facebook/dinov2-small-imagenet1k-1-layer,huggan/wikiart,metrics,huggan/wikiart_20231117-102011-747776,1,47.921271085739136,500.0,,
microsoft/swin-large-patch4-window12-384-in22k,huggan/wikiart,metrics,huggan/wikiart_20231117-102011-747776,1,2325.902074813843,30000.0,,
microsoft/swin-large-patch4-window12-384-in22k,huggan/wikiart,metrics,huggan/wikiart_20231117-102011-747776,1,827.0591568946838,10000.0,,
microsoft/swin-large-patch4-window12-384-in22k,huggan/wikiart,metrics,huggan/wikiart_20231117-102011-747776,1,102.01054501533508,1000.0,,
microsoft/swin-large-patch4-window12-384-in22k,huggan/wikiart,metrics,huggan/wikiart_20231117-102011-747776,1,66.2239351272583,500.0,,
microsoft/beit-base-patch16-224-pt22k-ft22k,huggan/wikiart,metrics,huggan/wikiart_20231117-102011-747776,1,2703.570285797119,60000.0,,
microsoft/beit-base-patch16-224-pt22k-ft22k,huggan/wikiart,metrics,huggan/wikiart_20231117-102011-747776,1,1406.73326253891,30000.0,,
microsoft/beit-base-patch16-224-pt22k-ft22k,huggan/wikiart,metrics,huggan/wikiart_20231117-102011-747776,1,480.3030409812927,10000.0,,
microsoft/beit-base-patch16-224-pt22k-ft22k,huggan/wikiart,metrics,huggan/wikiart_20231117-102011-747776,1,62.155844926834106,1000.0,,
microsoft/beit-base-patch16-224-pt22k-ft22k,huggan/wikiart,metrics,huggan/wikiart_20231117-102011-747776,1,38.87893724441528,500.0,,
microsoft/beit-base-patch16-224,huggan/wikiart,metrics,huggan/wikiart_20231117-102011-747776,1,2929.449642896652,60000.0,,
microsoft/beit-base-patch16-224,huggan/wikiart,metrics,huggan/wikiart_20231117-102011-747776,1,1515.2124383449554,30000.0,,
microsoft/beit-base-patch16-224,huggan/wikiart,metrics,huggan/wikiart_20231117-102011-747776,1,477.029688835144,10000.0,,
microsoft/beit-base-patch16-224,huggan/wikiart,metrics,huggan/wikiart_20231117-102011-747776,1,66.17353129386902,1000.0,,
microsoft/beit-base-patch16-224,huggan/wikiart,metrics,huggan/wikiart_20231117-102011-747776,1,44.001755714416504,500.0,,
microsoft/beit-large-patch16-512,huggan/wikiart,metrics,huggan/wikiart_20231117-102011-747776,1,3345.674564599991,30000.0,,
microsoft/beit-large-patch16-512,huggan/wikiart,metrics,huggan/wikiart_20231117-102011-747776,1,6595.611371040344,60000.0,,
microsoft/beit-large-patch16-512,huggan/wikiart,metrics,huggan/wikiart_20231117-102011-747776,1,1171.5578365325928,10000.0,,
microsoft/beit-large-patch16-512,huggan/wikiart,metrics,huggan/wikiart_20231117-102011-747776,1,131.75912356376648,1000.0,,
microsoft/beit-large-patch16-512,huggan/wikiart,metrics,huggan/wikiart_20231117-102011-747776,1,80.23084545135498,500.0,,
facebook/deit-base-patch16-384,huggan/wikiart,metrics,huggan/wikiart_20231117-102011-747776,1,3345.473210811615,60000.0,,
microsoft/swinv2-base-patch4-window8-256,aharley/rvl_cdip,metrics,aharley/rvl_cdip_20231117-142726-444937,1,9545.308324813845,300000.0,,
facebook/deit-base-patch16-384,huggan/wikiart,metrics,huggan/wikiart_20231117-102011-747776,1,1786.8126440048218,30000.0,,
facebook/deit-base-patch16-384,huggan/wikiart,metrics,huggan/wikiart_20231117-102011-747776,1,608.5253021717072,10000.0,,
facebook/deit-base-patch16-384,huggan/wikiart,metrics,huggan/wikiart_20231117-102011-747776,1,78.03731870651245,1000.0,,
facebook/deit-base-patch16-384,huggan/wikiart,metrics,huggan/wikiart_20231117-102011-747776,1,44.46306800842285,500.0,,
microsoft/cvt-21-384-22k,huggan/wikiart,metrics,huggan/wikiart_20231117-102011-747776,1,3485.3022079467773,60000.0,,
microsoft/cvt-21-384-22k,huggan/wikiart,metrics,huggan/wikiart_20231117-102011-747776,1,1791.2267560958862,30000.0,,
microsoft/cvt-21-384-22k,huggan/wikiart,metrics,huggan/wikiart_20231117-102011-747776,1,595.5644896030426,10000.0,,
microsoft/cvt-21-384-22k,huggan/wikiart,metrics,huggan/wikiart_20231117-102011-747776,1,75.80558228492737,1000.0,,
microsoft/cvt-21-384-22k,huggan/wikiart,metrics,huggan/wikiart_20231117-102011-747776,1,47.51410365104675,500.0,,
microsoft/cvt-13,huggan/wikiart,metrics,huggan/wikiart_20231117-102011-747776,1,3106.970522880554,60000.0,,
microsoft/cvt-13,huggan/wikiart,metrics,huggan/wikiart_20231117-102011-747776,1,1723.0855717658997,30000.0,,
microsoft/cvt-13,huggan/wikiart,metrics,huggan/wikiart_20231117-102011-747776,1,579.6111061573029,10000.0,,
microsoft/swinv2-base-patch4-window8-256,aharley/rvl_cdip,metrics,aharley/rvl_cdip_20231117-142726-444937,1,1003.0745027065276,30000.0,,
microsoft/swinv2-base-patch4-window8-256,aharley/rvl_cdip,metrics,aharley/rvl_cdip_20231117-142726-444937,1,350.5438678264618,10000.0,,
microsoft/cvt-13,huggan/wikiart,metrics,huggan/wikiart_20231117-102011-747776,1,63.7850878238678,1000.0,,
microsoft/swinv2-base-patch4-window8-256,aharley/rvl_cdip,metrics,aharley/rvl_cdip_20231117-142726-444937,1,32.562575578689575,500.0,,
microsoft/cvt-13,huggan/wikiart,metrics,huggan/wikiart_20231117-102011-747776,1,43.52107524871826,500.0,,
microsoft/swinv2-base-patch4-window8-256,aharley/rvl_cdip,metrics,aharley/rvl_cdip_20231117-142726-444937,1,54.10921120643616,1000.0,,
google/vit-large-patch16-224,huggan/wikiart,metrics,huggan/wikiart_20231117-102011-747776,1,3518.1703197956085,60000.0,,
google/vit-large-patch16-224,huggan/wikiart,metrics,huggan/wikiart_20231117-102011-747776,1,1447.9502336978912,30000.0,,
google/vit-large-patch16-224,huggan/wikiart,metrics,huggan/wikiart_20231117-102011-747776,1,573.627377986908,10000.0,,
google/vit-large-patch16-224,huggan/wikiart,metrics,huggan/wikiart_20231117-102011-747776,1,68.65439367294312,1000.0,,
google/vit-large-patch16-224,huggan/wikiart,metrics,huggan/wikiart_20231117-102011-747776,1,52.613842725753784,500.0,,
google/vit-base-patch16-384,huggan/wikiart,metrics,huggan/wikiart_20231117-102011-747776,1,3548.89630150795,60000.0,,
google/vit-base-patch16-384,huggan/wikiart,metrics,huggan/wikiart_20231117-102011-747776,1,1618.3590757846832,30000.0,,
google/vit-base-patch16-384,huggan/wikiart,metrics,huggan/wikiart_20231117-102011-747776,1,663.0688593387604,10000.0,,
google/vit-base-patch16-384,huggan/wikiart,metrics,huggan/wikiart_20231117-102011-747776,1,71.87993288040161,1000.0,,
google/vit-base-patch16-384,huggan/wikiart,metrics,huggan/wikiart_20231117-102011-747776,1,45.99187874794006,500.0,,
apple/mobilevit-xx-small,huggan/wikiart,metrics,huggan/wikiart_20231117-102011-747776,1,2492.5345034599304,60000.0,,
apple/mobilevit-xx-small,huggan/wikiart,metrics,huggan/wikiart_20231117-102011-747776,1,1256.571519613266,30000.0,,
apple/mobilevit-xx-small,huggan/wikiart,metrics,huggan/wikiart_20231117-102011-747776,1,425.58663177490234,10000.0,,
apple/mobilevit-xx-small,huggan/wikiart,metrics,huggan/wikiart_20231117-102011-747776,1,55.46057391166687,1000.0,,
apple/mobilevit-xx-small,huggan/wikiart,metrics,huggan/wikiart_20231117-102011-747776,1,32.821449995040894,500.0,,
apple/mobilevit-small,huggan/wikiart,metrics,huggan/wikiart_20231117-102011-747776,1,3049.422515153885,60000.0,,
apple/mobilevit-small,huggan/wikiart,metrics,huggan/wikiart_20231117-102011-747776,1,1636.4144747257233,30000.0,,
apple/mobilevit-small,huggan/wikiart,metrics,huggan/wikiart_20231117-102011-747776,1,428.2081124782562,10000.0,,
apple/mobilevit-small,huggan/wikiart,metrics,huggan/wikiart_20231117-102011-747776,1,79.18727564811707,1000.0,,
apple/mobilevit-small,huggan/wikiart,metrics,huggan/wikiart_20231117-102011-747776,1,34.376599073410034,500.0,,
facebook/deit-base-patch16-224,huggan/wikiart,metrics,huggan/wikiart_20231117-102011-747776,1,2596.0449759960175,60000.0,,
facebook/deit-base-patch16-224,huggan/wikiart,metrics,huggan/wikiart_20231117-102011-747776,1,1470.439303636551,30000.0,,
facebook/deit-base-patch16-224,huggan/wikiart,metrics,huggan/wikiart_20231117-102011-747776,1,517.0632495880127,10000.0,,
facebook/deit-base-patch16-224,huggan/wikiart,metrics,huggan/wikiart_20231117-102011-747776,1,66.76237607002258,1000.0,,
facebook/deit-base-patch16-224,huggan/wikiart,metrics,huggan/wikiart_20231117-102011-747776,1,45.0816388130188,500.0,,
facebook/deit-small-patch16-224,huggan/wikiart,metrics,huggan/wikiart_20231117-102011-747776,1,2396.7393877506256,60000.0,,
facebook/deit-small-patch16-224,huggan/wikiart,metrics,huggan/wikiart_20231117-102011-747776,1,418.2298021316528,10000.0,,
facebook/deit-small-patch16-224,huggan/wikiart,metrics,huggan/wikiart_20231117-102011-747776,1,1455.50261759758,30000.0,,
facebook/deit-small-patch16-224,huggan/wikiart,metrics,huggan/wikiart_20231117-102011-747776,1,62.1666898727417,1000.0,,
facebook/deit-small-patch16-224,huggan/wikiart,metrics,huggan/wikiart_20231117-102011-747776,1,45.94842576980591,500.0,,
facebook/deit-tiny-patch16-224,huggan/wikiart,metrics,huggan/wikiart_20231117-102011-747776,1,2710.1406478881836,60000.0,,
facebook/deit-tiny-patch16-224,huggan/wikiart,metrics,huggan/wikiart_20231117-102011-747776,1,1364.036803007126,30000.0,,
facebook/deit-tiny-patch16-224,huggan/wikiart,metrics,huggan/wikiart_20231117-102011-747776,1,642.675060749054,10000.0,,
facebook/deit-tiny-patch16-224,huggan/wikiart,metrics,huggan/wikiart_20231117-102011-747776,1,81.63754391670227,1000.0,,
facebook/deit-tiny-patch16-224,huggan/wikiart,metrics,huggan/wikiart_20231117-102011-747776,1,81.74563217163086,500.0,,
facebook/levit-128S,aharley/rvl_cdip,metrics,aharley/rvl_cdip_20231116-195758-977970,1,7994.221863269806,300000.0,,
facebook/levit-128S,aharley/rvl_cdip,metrics,aharley/rvl_cdip_20231116-195758-977970,1,810.8694369792938,30000.0,,
facebook/levit-128S,aharley/rvl_cdip,metrics,aharley/rvl_cdip_20231116-195758-977970,1,276.6561336517334,10000.0,,
facebook/levit-128S,aharley/rvl_cdip,metrics,aharley/rvl_cdip_20231116-195758-977970,1,37.63223838806152,1000.0,,
facebook/levit-128S,aharley/rvl_cdip,metrics,aharley/rvl_cdip_20231116-195758-977970,1,22.843281507492065,500.0,,
microsoft/swin-large-patch4-window12-384-in22k,aharley/rvl_cdip,metrics,aharley/rvl_cdip_20231116-195758-977970,1,12661.902827978134,300000.0,,
microsoft/swin-large-patch4-window12-384-in22k,aharley/rvl_cdip,metrics,aharley/rvl_cdip_20231116-195758-977970,1,1294.2191331386566,30000.0,,
microsoft/swin-large-patch4-window12-384-in22k,aharley/rvl_cdip,metrics,aharley/rvl_cdip_20231116-195758-977970,1,488.12067008018494,10000.0,,
microsoft/swin-large-patch4-window12-384-in22k,aharley/rvl_cdip,metrics,aharley/rvl_cdip_20231116-195758-977970,1,57.29220032691955,1000.0,,
microsoft/swin-large-patch4-window12-384-in22k,aharley/rvl_cdip,metrics,aharley/rvl_cdip_20231116-195758-977970,1,36.14340043067932,500.0,,
microsoft/beit-base-patch16-224-pt22k-ft22k,aharley/rvl_cdip,metrics,aharley/rvl_cdip_20231116-195758-977970,1,6715.8049120903015,300000.0,,
microsoft/beit-base-patch16-224-pt22k-ft22k,aharley/rvl_cdip,metrics,aharley/rvl_cdip_20231116-195758-977970,1,728.0293500423431,30000.0,,
microsoft/beit-base-patch16-224-pt22k-ft22k,aharley/rvl_cdip,metrics,aharley/rvl_cdip_20231116-195758-977970,1,238.98053407669067,10000.0,,
microsoft/beit-base-patch16-224-pt22k-ft22k,aharley/rvl_cdip,metrics,aharley/rvl_cdip_20231116-195758-977970,1,33.880690574645996,1000.0,,
microsoft/beit-base-patch16-224-pt22k-ft22k,aharley/rvl_cdip,metrics,aharley/rvl_cdip_20231116-195758-977970,1,24.15731406211853,500.0,,
microsoft/beit-base-patch16-224,aharley/rvl_cdip,metrics,aharley/rvl_cdip_20231116-195758-977970,1,7824.347074985504,300000.0,,
microsoft/beit-base-patch16-224,aharley/rvl_cdip,metrics,aharley/rvl_cdip_20231116-195758-977970,1,800.1267008781433,30000.0,,
microsoft/beit-base-patch16-224,aharley/rvl_cdip,metrics,aharley/rvl_cdip_20231116-195758-977970,1,234.6934037208557,10000.0,,
microsoft/beit-base-patch16-224,aharley/rvl_cdip,metrics,aharley/rvl_cdip_20231116-195758-977970,1,34.56627321243286,1000.0,,
microsoft/beit-base-patch16-224,aharley/rvl_cdip,metrics,aharley/rvl_cdip_20231116-195758-977970,1,30.713573932647705,500.0,,
microsoft/beit-large-patch16-512,aharley/rvl_cdip,metrics,aharley/rvl_cdip_20231116-195758-977970,1,27971.46822500229,300000.0,,
microsoft/beit-large-patch16-512,aharley/rvl_cdip,metrics,aharley/rvl_cdip_20231116-195758-977970,1,2611.021248817444,30000.0,,
microsoft/beit-large-patch16-512,aharley/rvl_cdip,metrics,aharley/rvl_cdip_20231116-195758-977970,1,959.146231174469,10000.0,,
microsoft/beit-large-patch16-512,aharley/rvl_cdip,metrics,aharley/rvl_cdip_20231116-195758-977970,1,106.91375589370728,1000.0,,
microsoft/beit-large-patch16-512,aharley/rvl_cdip,metrics,aharley/rvl_cdip_20231116-195758-977970,1,74.47597908973694,500.0,,
facebook/deit-base-distilled-patch16-384,aharley/rvl_cdip,metrics,aharley/rvl_cdip_20231116-195758-977970,1,11846.601552009584,300000.0,,
facebook/deit-base-distilled-patch16-384,aharley/rvl_cdip,metrics,aharley/rvl_cdip_20231116-195758-977970,1,1214.222280740738,30000.0,,
facebook/deit-base-distilled-patch16-384,aharley/rvl_cdip,metrics,aharley/rvl_cdip_20231116-195758-977970,1,415.6280403137207,10000.0,,
facebook/deit-base-distilled-patch16-384,aharley/rvl_cdip,metrics,aharley/rvl_cdip_20231116-195758-977970,1,46.48548722267151,1000.0,,
facebook/deit-base-distilled-patch16-384,aharley/rvl_cdip,metrics,aharley/rvl_cdip_20231116-195758-977970,1,30.086852073669434,500.0,,
facebook/deit-base-patch16-384,aharley/rvl_cdip,metrics,aharley/rvl_cdip_20231116-195758-977970,1,10993.51221370697,300000.0,,
facebook/deit-base-patch16-384,aharley/rvl_cdip,metrics,aharley/rvl_cdip_20231116-195758-977970,1,916.7467930316924,30000.0,,
facebook/deit-base-patch16-384,aharley/rvl_cdip,metrics,aharley/rvl_cdip_20231116-195758-977970,1,317.01180028915405,10000.0,,
facebook/deit-base-patch16-384,aharley/rvl_cdip,metrics,aharley/rvl_cdip_20231116-195758-977970,1,44.55896472930908,1000.0,,
facebook/deit-base-patch16-384,aharley/rvl_cdip,metrics,aharley/rvl_cdip_20231116-195758-977970,1,27.47616720199585,500.0,,
microsoft/cvt-21-384-22k,aharley/rvl_cdip,metrics,aharley/rvl_cdip_20231116-195758-977970,1,1008.7917873859406,30000.0,,
microsoft/cvt-21-384-22k,aharley/rvl_cdip,metrics,aharley/rvl_cdip_20231116-195758-977970,1,9731.551898479462,300000.0,,
microsoft/cvt-21-384-22k,aharley/rvl_cdip,metrics,aharley/rvl_cdip_20231116-195758-977970,1,336.2310266494751,10000.0,,
microsoft/cvt-21-384-22k,aharley/rvl_cdip,metrics,aharley/rvl_cdip_20231116-195758-977970,1,42.373826026916504,1000.0,,
microsoft/cvt-21-384-22k,aharley/rvl_cdip,metrics,aharley/rvl_cdip_20231116-195758-977970,1,25.534050226211548,500.0,,
microsoft/cvt-13,aharley/rvl_cdip,metrics,aharley/rvl_cdip_20231116-195758-977970,1,8194.986803531647,300000.0,,
microsoft/cvt-13,aharley/rvl_cdip,metrics,aharley/rvl_cdip_20231116-195758-977970,1,834.887505531311,30000.0,,
microsoft/cvt-13,aharley/rvl_cdip,metrics,aharley/rvl_cdip_20231116-195758-977970,1,281.4899573326111,10000.0,,
microsoft/cvt-13,aharley/rvl_cdip,metrics,aharley/rvl_cdip_20231116-195758-977970,1,37.800358295440674,1000.0,,
microsoft/cvt-13,aharley/rvl_cdip,metrics,aharley/rvl_cdip_20231116-195758-977970,1,23.782817602157593,500.0,,
google/vit-large-patch16-224,aharley/rvl_cdip,metrics,aharley/rvl_cdip_20231116-195758-977970,1,10048.44004392624,300000.0,,
google/vit-large-patch16-224,aharley/rvl_cdip,metrics,aharley/rvl_cdip_20231116-195758-977970,1,996.8006398677826,30000.0,,
google/vit-large-patch16-224,aharley/rvl_cdip,metrics,aharley/rvl_cdip_20231116-195758-977970,1,58.54923915863037,1000.0,,
google/vit-large-patch16-224,aharley/rvl_cdip,metrics,aharley/rvl_cdip_20231116-195758-977970,1,354.03755950927734,10000.0,,
google/vit-large-patch16-224,aharley/rvl_cdip,metrics,aharley/rvl_cdip_20231116-195758-977970,1,37.90410852432251,500.0,,
google/vit-base-patch16-384,aharley/rvl_cdip,metrics,aharley/rvl_cdip_20231116-195758-977970,1,8709.066759109497,300000.0,,
google/vit-base-patch16-384,aharley/rvl_cdip,metrics,aharley/rvl_cdip_20231116-195758-977970,1,888.4006433486938,30000.0,,
google/vit-base-patch16-384,aharley/rvl_cdip,metrics,aharley/rvl_cdip_20231116-195758-977970,1,297.29848885536194,10000.0,,
google/vit-base-patch16-384,aharley/rvl_cdip,metrics,aharley/rvl_cdip_20231116-195758-977970,1,38.55397415161133,1000.0,,
google/vit-base-patch16-384,aharley/rvl_cdip,metrics,aharley/rvl_cdip_20231116-195758-977970,1,27.721416473388672,500.0,,
apple/mobilevit-xx-small,aharley/rvl_cdip,metrics,aharley/rvl_cdip_20231116-195758-977970,1,6720.235020160675,300000.0,,
apple/mobilevit-xx-small,aharley/rvl_cdip,metrics,aharley/rvl_cdip_20231116-195758-977970,1,677.0665605068207,30000.0,,
apple/mobilevit-xx-small,aharley/rvl_cdip,metrics,aharley/rvl_cdip_20231116-195758-977970,1,234.13939356803897,10000.0,,
apple/mobilevit-xx-small,aharley/rvl_cdip,metrics,aharley/rvl_cdip_20231116-195758-977970,1,30.205894947052,1000.0,,
apple/mobilevit-xx-small,aharley/rvl_cdip,metrics,aharley/rvl_cdip_20231116-195758-977970,1,21.431406021118164,500.0,,
apple/mobilevit-small,aharley/rvl_cdip,metrics,aharley/rvl_cdip_20231116-195758-977970,1,7600.704636573792,300000.0,,
apple/mobilevit-small,aharley/rvl_cdip,metrics,aharley/rvl_cdip_20231116-195758-977970,1,780.0654647350311,30000.0,,
apple/mobilevit-small,aharley/rvl_cdip,metrics,aharley/rvl_cdip_20231116-195758-977970,1,269.52784490585327,10000.0,,
apple/mobilevit-small,aharley/rvl_cdip,metrics,aharley/rvl_cdip_20231116-195758-977970,1,36.31309628486633,1000.0,,
apple/mobilevit-small,aharley/rvl_cdip,metrics,aharley/rvl_cdip_20231116-195758-977970,1,39.97177696228027,500.0,,
facebook/deit-base-patch16-224,aharley/rvl_cdip,metrics,aharley/rvl_cdip_20231116-195758-977970,1,6573.457316637039,300000.0,,
facebook/deit-base-patch16-224,aharley/rvl_cdip,metrics,aharley/rvl_cdip_20231116-195758-977970,1,667.9257311820984,30000.0,,
facebook/deit-base-patch16-224,aharley/rvl_cdip,metrics,aharley/rvl_cdip_20231116-195758-977970,1,229.39338159561157,10000.0,,
facebook/deit-base-patch16-224,aharley/rvl_cdip,metrics,aharley/rvl_cdip_20231116-195758-977970,1,33.152586460113525,1000.0,,
facebook/deit-base-patch16-224,aharley/rvl_cdip,metrics,aharley/rvl_cdip_20231116-195758-977970,1,22.716302156448364,500.0,,
facebook/deit-small-patch16-224,aharley/rvl_cdip,metrics,aharley/rvl_cdip_20231116-195758-977970,1,6298.337623357773,300000.0,,
facebook/deit-small-patch16-224,aharley/rvl_cdip,metrics,aharley/rvl_cdip_20231116-195758-977970,1,618.300225019455,30000.0,,
facebook/deit-small-patch16-224,aharley/rvl_cdip,metrics,aharley/rvl_cdip_20231116-195758-977970,1,213.46106553077695,10000.0,,
facebook/deit-small-patch16-224,aharley/rvl_cdip,metrics,aharley/rvl_cdip_20231116-195758-977970,1,29.23558259010315,1000.0,,
facebook/deit-small-patch16-224,aharley/rvl_cdip,metrics,aharley/rvl_cdip_20231116-195758-977970,1,22.02427983283997,500.0,,
facebook/deit-tiny-patch16-224,aharley/rvl_cdip,metrics,aharley/rvl_cdip_20231116-195758-977970,1,7062.19670176506,300000.0,,
facebook/deit-tiny-patch16-224,aharley/rvl_cdip,metrics,aharley/rvl_cdip_20231116-195758-977970,1,638.2495131492615,30000.0,,
facebook/deit-tiny-patch16-224,aharley/rvl_cdip,metrics,aharley/rvl_cdip_20231116-195758-977970,1,218.29433178901672,10000.0,,
facebook/deit-tiny-patch16-224,aharley/rvl_cdip,metrics,aharley/rvl_cdip_20231116-195758-977970,1,29.841387033462524,1000.0,,
facebook/deit-tiny-patch16-224,aharley/rvl_cdip,metrics,aharley/rvl_cdip_20231116-195758-977970,1,20.458434581756592,500.0,,
facebook/deit-base-distilled-patch16-224,aharley/rvl_cdip,metrics,aharley/rvl_cdip_20231116-195758-977970,1,9210.955215454102,300000.0,,
facebook/deit-base-distilled-patch16-224,aharley/rvl_cdip,metrics,aharley/rvl_cdip_20231116-195758-977970,1,993.379316329956,30000.0,,
facebook/deit-base-distilled-patch16-224,aharley/rvl_cdip,metrics,aharley/rvl_cdip_20231116-195758-977970,1,420.9186809062958,10000.0,,
facebook/deit-base-distilled-patch16-224,aharley/rvl_cdip,metrics,aharley/rvl_cdip_20231116-195758-977970,1,65.44702100753784,1000.0,,
facebook/deit-base-distilled-patch16-224,aharley/rvl_cdip,metrics,aharley/rvl_cdip_20231116-195758-977970,1,67.3585889339447,500.0,,
microsoft/swinv2-base-patch4-window8-256,pcuenq/oxford-pets,train,pcuenq/oxford-pets_20231110-083306-254553,1,3633.932846546173,55117.5,10.0,10.0
Intel/vit-base-patch16-224-int8-static,pcuenq/oxford-pets,train,pcuenq/oxford-pets_20231110-083306-254553,1,2689.1548116207123,55117.5,10.0,10.0
microsoft/swin-base-patch4-window12-384,pcuenq/oxford-pets,train,pcuenq/oxford-pets_20231110-083306-254553,1,5490.194588661194,55117.5,10.0,10.0
facebook/dinov2-base-imagenet1k-1-layer,pcuenq/oxford-pets,train,pcuenq/oxford-pets_20231110-083306-254553,1,2832.030109643936,55117.5,10.0,10.0
microsoft/swin-large-patch4-window12-384-in22k,pcuenq/oxford-pets,train,pcuenq/oxford-pets_20231110-083306-254553,1,7577.148811817169,55117.5,10.0,10.0
facebook/dinov2-small-imagenet1k-1-layer,pcuenq/oxford-pets,train,pcuenq/oxford-pets_20231110-083306-254553,1,2128.1712152957916,55117.5,10.0,10.0
microsoft/beit-base-patch16-224-pt22k-ft22k,pcuenq/oxford-pets,train,pcuenq/oxford-pets_20231110-083306-254553,1,2679.814019203186,55117.5,10.0,10.0
microsoft/beit-base-patch16-224,pcuenq/oxford-pets,train,pcuenq/oxford-pets_20231110-083306-254553,1,2688.528540611267,55117.5,10.0,10.0
microsoft/beit-large-patch16-512,pcuenq/oxford-pets,train,pcuenq/oxford-pets_20231110-083306-254553,1,18176.775647878647,55117.5,10.0,10.0
facebook/deit-base-patch16-384,pcuenq/oxford-pets,train,pcuenq/oxford-pets_20231110-083306-254553,1,5180.82689166069,55117.5,10.0,10.0
microsoft/cvt-21-384-22k,pcuenq/oxford-pets,train,pcuenq/oxford-pets_20231110-083306-254553,1,4526.467736005783,55117.5,10.0,10.0
microsoft/cvt-13,pcuenq/oxford-pets,train,pcuenq/oxford-pets_20231110-083306-254553,1,2566.4011788368225,55117.5,10.0,10.0
google/vit-large-patch16-224,pcuenq/oxford-pets,train,pcuenq/oxford-pets_20231110-083306-254553,1,4447.556106328964,55117.5,10.0,10.0
google/vit-base-patch16-384,pcuenq/oxford-pets,train,pcuenq/oxford-pets_20231110-083306-254553,1,5357.213328361511,55117.5,10.0,10.0
facebook/deit-base-patch16-224,pcuenq/oxford-pets,train,pcuenq/oxford-pets_20231110-083306-254553,1,2702.1141424179077,55117.5,10.0,10.0
apple/mobilevit-small,pcuenq/oxford-pets,train,pcuenq/oxford-pets_20231110-083306-254553,1,2524.5365521907806,55117.5,10.0,10.0
apple/mobilevit-xx-small,pcuenq/oxford-pets,train,pcuenq/oxford-pets_20231110-083306-254553,1,2532.5513620376587,55117.5,10.0,10.0
microsoft/swinv2-base-patch4-window8-256,pcuenq/oxford-pets,metrics,pcuenq/oxford-pets_20231110-083306-254553,1,167.85000085830688,30000.0,,
microsoft/swinv2-base-patch4-window8-256,pcuenq/oxford-pets,metrics,pcuenq/oxford-pets_20231110-083306-254553,1,170.12751579284668,15000.0,,
apple/mobilevit-small,pcuenq/oxford-pets,metrics,pcuenq/oxford-pets_20231110-083306-254553,1,31.987160444259644,500.0,,
facebook/deit-small-patch16-224,pcuenq/oxford-pets,train,pcuenq/oxford-pets_20231110-083306-254553,1,1966.9681792259216,55117.5,10.0,10.0
facebook/deit-tiny-patch16-224,pcuenq/oxford-pets,train,pcuenq/oxford-pets_20231110-083306-254553,1,1832.7865300178528,55117.5,10.0,10.0
microsoft/swinv2-base-patch4-window8-256,pcuenq/oxford-pets,metrics,pcuenq/oxford-pets_20231110-083306-254553,1,40.21245527267456,1000.0,,
microsoft/swinv2-base-patch4-window8-256,pcuenq/oxford-pets,metrics,pcuenq/oxford-pets_20231110-083306-254553,1,25.103395462036133,500.0,,
microsoft/swinv2-base-patch4-window8-256,pcuenq/oxford-pets,metrics,pcuenq/oxford-pets_20231110-083306-254553,1,140.43859767913818,10000.0,,
Intel/vit-base-patch16-224-int8-static,pcuenq/oxford-pets,metrics,pcuenq/oxford-pets_20231110-083306-254553,1,132.42313742637634,15000.0,,
Intel/vit-base-patch16-224-int8-static,pcuenq/oxford-pets,metrics,pcuenq/oxford-pets_20231110-083306-254553,1,129.77554178237915,30000.0,,
Intel/vit-base-patch16-224-int8-static,pcuenq/oxford-pets,metrics,pcuenq/oxford-pets_20231110-083306-254553,1,129.165913105011,10000.0,,
Intel/vit-base-patch16-224-int8-static,pcuenq/oxford-pets,metrics,pcuenq/oxford-pets_20231110-083306-254553,1,32.16717338562012,1000.0,,
Intel/vit-base-patch16-224-int8-static,pcuenq/oxford-pets,metrics,pcuenq/oxford-pets_20231110-083306-254553,1,28.13909149169922,500.0,,
microsoft/swin-base-patch4-window12-384,pcuenq/oxford-pets,metrics,pcuenq/oxford-pets_20231110-083306-254553,1,218.9324696063995,30000.0,,
microsoft/swin-base-patch4-window12-384,pcuenq/oxford-pets,metrics,pcuenq/oxford-pets_20231110-083306-254553,1,222.74039912223816,15000.0,,
microsoft/swin-base-patch4-window12-384,pcuenq/oxford-pets,metrics,pcuenq/oxford-pets_20231110-083306-254553,1,42.56782865524292,1000.0,,
facebook/dinov2-base-imagenet1k-1-layer,pcuenq/oxford-pets,metrics,pcuenq/oxford-pets_20231110-083306-254553,1,174.10989356040955,15000.0,,
facebook/dinov2-base-imagenet1k-1-layer,pcuenq/oxford-pets,metrics,pcuenq/oxford-pets_20231110-083306-254553,1,165.6435980796814,30000.0,,
microsoft/swin-base-patch4-window12-384,pcuenq/oxford-pets,metrics,pcuenq/oxford-pets_20231110-083306-254553,1,177.16887164115906,10000.0,,
microsoft/swin-base-patch4-window12-384,pcuenq/oxford-pets,metrics,pcuenq/oxford-pets_20231110-083306-254553,1,30.27809715270996,500.0,,
facebook/dinov2-base-imagenet1k-1-layer,pcuenq/oxford-pets,metrics,pcuenq/oxford-pets_20231110-083306-254553,1,164.38001489639282,10000.0,,
facebook/dinov2-base-imagenet1k-1-layer,pcuenq/oxford-pets,metrics,pcuenq/oxford-pets_20231110-083306-254553,1,33.8198721408844,1000.0,,
facebook/dinov2-small-imagenet1k-1-layer,pcuenq/oxford-pets,metrics,pcuenq/oxford-pets_20231110-083306-254553,1,131.49085116386414,30000.0,,
facebook/dinov2-base-imagenet1k-1-layer,pcuenq/oxford-pets,metrics,pcuenq/oxford-pets_20231110-083306-254553,1,23.220539808273315,500.0,,
facebook/dinov2-small-imagenet1k-1-layer,pcuenq/oxford-pets,metrics,pcuenq/oxford-pets_20231110-083306-254553,1,148.04987406730652,15000.0,,
facebook/dinov2-small-imagenet1k-1-layer,pcuenq/oxford-pets,metrics,pcuenq/oxford-pets_20231110-083306-254553,1,149.7477729320526,10000.0,,
facebook/dinov2-small-imagenet1k-1-layer,pcuenq/oxford-pets,metrics,pcuenq/oxford-pets_20231110-083306-254553,1,25.731513500213623,1000.0,,
facebook/dinov2-small-imagenet1k-1-layer,pcuenq/oxford-pets,metrics,pcuenq/oxford-pets_20231110-083306-254553,1,19.28515338897705,500.0,,
microsoft/swin-large-patch4-window12-384-in22k,pcuenq/oxford-pets,metrics,pcuenq/oxford-pets_20231110-083306-254553,1,259.64853382110596,30000.0,,
microsoft/swin-large-patch4-window12-384-in22k,pcuenq/oxford-pets,metrics,pcuenq/oxford-pets_20231110-083306-254553,1,257.61689615249634,15000.0,,
microsoft/swin-large-patch4-window12-384-in22k,pcuenq/oxford-pets,metrics,pcuenq/oxford-pets_20231110-083306-254553,1,271.3049774169922,10000.0,,
microsoft/swin-large-patch4-window12-384-in22k,pcuenq/oxford-pets,metrics,pcuenq/oxford-pets_20231110-083306-254553,1,34.60258340835571,500.0,,
microsoft/swin-large-patch4-window12-384-in22k,pcuenq/oxford-pets,metrics,pcuenq/oxford-pets_20231110-083306-254553,1,54.3009181022644,1000.0,,
microsoft/beit-base-patch16-224-pt22k-ft22k,pcuenq/oxford-pets,metrics,pcuenq/oxford-pets_20231110-083306-254553,1,116.6820297241211,30000.0,,
microsoft/beit-base-patch16-224-pt22k-ft22k,pcuenq/oxford-pets,metrics,pcuenq/oxford-pets_20231110-083306-254553,1,113.17431259155272,15000.0,,
microsoft/beit-base-patch16-224-pt22k-ft22k,pcuenq/oxford-pets,metrics,pcuenq/oxford-pets_20231110-083306-254553,1,115.35836267471312,10000.0,,
microsoft/beit-base-patch16-224-pt22k-ft22k,pcuenq/oxford-pets,metrics,pcuenq/oxford-pets_20231110-083306-254553,1,24.98779559135437,1000.0,,
microsoft/beit-base-patch16-224,pcuenq/oxford-pets,metrics,pcuenq/oxford-pets_20231110-083306-254553,1,120.72340035438538,30000.0,,
microsoft/beit-base-patch16-224,pcuenq/oxford-pets,metrics,pcuenq/oxford-pets_20231110-083306-254553,1,116.69595646858215,15000.0,,
microsoft/beit-base-patch16-224-pt22k-ft22k,pcuenq/oxford-pets,metrics,pcuenq/oxford-pets_20231110-083306-254553,1,23.0175461769104,500.0,,
microsoft/beit-base-patch16-224,pcuenq/oxford-pets,metrics,pcuenq/oxford-pets_20231110-083306-254553,1,114.13841700553894,10000.0,,
microsoft/beit-base-patch16-224,pcuenq/oxford-pets,metrics,pcuenq/oxford-pets_20231110-083306-254553,1,23.344672441482544,1000.0,,
microsoft/beit-base-patch16-224,pcuenq/oxford-pets,metrics,pcuenq/oxford-pets_20231110-083306-254553,1,21.128640174865723,500.0,,
microsoft/beit-large-patch16-512,pcuenq/oxford-pets,metrics,pcuenq/oxford-pets_20231110-083306-254553,1,609.7292828559875,15000.0,,
microsoft/beit-large-patch16-512,pcuenq/oxford-pets,metrics,pcuenq/oxford-pets_20231110-083306-254553,1,597.0174632072449,10000.0,,
microsoft/beit-large-patch16-512,pcuenq/oxford-pets,metrics,pcuenq/oxford-pets_20231110-083306-254553,1,574.643693447113,30000.0,,
microsoft/beit-large-patch16-512,pcuenq/oxford-pets,metrics,pcuenq/oxford-pets_20231110-083306-254553,1,62.53637957572937,500.0,,
microsoft/beit-large-patch16-512,pcuenq/oxford-pets,metrics,pcuenq/oxford-pets_20231110-083306-254553,1,105.36294746398926,1000.0,,
facebook/deit-base-patch16-384,pcuenq/oxford-pets,metrics,pcuenq/oxford-pets_20231110-083306-254553,1,182.4762945175171,30000.0,,
facebook/deit-base-patch16-384,pcuenq/oxford-pets,metrics,pcuenq/oxford-pets_20231110-083306-254553,1,189.9750518798828,15000.0,,
facebook/deit-base-patch16-384,pcuenq/oxford-pets,metrics,pcuenq/oxford-pets_20231110-083306-254553,1,33.109251260757446,1000.0,,
facebook/deit-base-patch16-384,pcuenq/oxford-pets,metrics,pcuenq/oxford-pets_20231110-083306-254553,1,190.628933429718,10000.0,,
facebook/deit-base-patch16-384,pcuenq/oxford-pets,metrics,pcuenq/oxford-pets_20231110-083306-254553,1,29.646300315856937,500.0,,
microsoft/cvt-21-384-22k,pcuenq/oxford-pets,metrics,pcuenq/oxford-pets_20231110-083306-254553,1,159.78095531463623,30000.0,,
microsoft/cvt-21-384-22k,pcuenq/oxford-pets,metrics,pcuenq/oxford-pets_20231110-083306-254553,1,34.59445357322693,1000.0,,
microsoft/cvt-21-384-22k,pcuenq/oxford-pets,metrics,pcuenq/oxford-pets_20231110-083306-254553,1,175.17406821250916,10000.0,,
microsoft/cvt-21-384-22k,pcuenq/oxford-pets,metrics,pcuenq/oxford-pets_20231110-083306-254553,1,172.6121187210083,15000.0,,
microsoft/cvt-13,pcuenq/oxford-pets,metrics,pcuenq/oxford-pets_20231110-083306-254553,1,141.37332844734192,30000.0,,
microsoft/cvt-21-384-22k,pcuenq/oxford-pets,metrics,pcuenq/oxford-pets_20231110-083306-254553,1,25.493874073028564,500.0,,
microsoft/cvt-13,pcuenq/oxford-pets,metrics,pcuenq/oxford-pets_20231110-083306-254553,1,135.99224877357483,15000.0,,
microsoft/cvt-13,pcuenq/oxford-pets,metrics,pcuenq/oxford-pets_20231110-083306-254553,1,149.0970606803894,10000.0,,
microsoft/cvt-13,pcuenq/oxford-pets,metrics,pcuenq/oxford-pets_20231110-083306-254553,1,26.463997840881348,1000.0,,
microsoft/cvt-13,pcuenq/oxford-pets,metrics,pcuenq/oxford-pets_20231110-083306-254553,1,22.74723219871521,500.0,,
google/vit-large-patch16-224,pcuenq/oxford-pets,metrics,pcuenq/oxford-pets_20231110-083306-254553,1,178.87938380241394,30000.0,,
google/vit-large-patch16-224,pcuenq/oxford-pets,metrics,pcuenq/oxford-pets_20231110-083306-254553,1,40.65355110168457,1000.0,,
google/vit-large-patch16-224,pcuenq/oxford-pets,metrics,pcuenq/oxford-pets_20231110-083306-254553,1,154.1811933517456,15000.0,,
google/vit-large-patch16-224,pcuenq/oxford-pets,metrics,pcuenq/oxford-pets_20231110-083306-254553,1,176.83097910881042,10000.0,,
google/vit-base-patch16-384,pcuenq/oxford-pets,metrics,pcuenq/oxford-pets_20231110-083306-254553,1,181.2684121131897,10000.0,,
google/vit-base-patch16-384,pcuenq/oxford-pets,metrics,pcuenq/oxford-pets_20231110-083306-254553,1,184.48974871635437,15000.0,,
google/vit-large-patch16-224,pcuenq/oxford-pets,metrics,pcuenq/oxford-pets_20231110-083306-254553,1,58.02490043640137,500.0,,
google/vit-base-patch16-384,pcuenq/oxford-pets,metrics,pcuenq/oxford-pets_20231110-083306-254553,1,185.17763209342957,30000.0,,
google/vit-base-patch16-384,pcuenq/oxford-pets,metrics,pcuenq/oxford-pets_20231110-083306-254553,1,41.830769300460815,1000.0,,
google/vit-base-patch16-384,pcuenq/oxford-pets,metrics,pcuenq/oxford-pets_20231110-083306-254553,1,32.31254529953003,500.0,,
apple/mobilevit-xx-small,pcuenq/oxford-pets,metrics,pcuenq/oxford-pets_20231110-083306-254553,1,117.91203236579896,15000.0,,
apple/mobilevit-xx-small,pcuenq/oxford-pets,metrics,pcuenq/oxford-pets_20231110-083306-254553,1,94.72697114944458,30000.0,,
apple/mobilevit-xx-small,pcuenq/oxford-pets,metrics,pcuenq/oxford-pets_20231110-083306-254553,1,115.21945357322691,10000.0,,
apple/mobilevit-xx-small,pcuenq/oxford-pets,metrics,pcuenq/oxford-pets_20231110-083306-254553,1,18.69284725189209,500.0,,
apple/mobilevit-small,pcuenq/oxford-pets,metrics,pcuenq/oxford-pets_20231110-083306-254553,1,125.9305510520935,30000.0,,
apple/mobilevit-xx-small,pcuenq/oxford-pets,metrics,pcuenq/oxford-pets_20231110-083306-254553,1,24.222019910812374,1000.0,,
apple/mobilevit-small,pcuenq/oxford-pets,metrics,pcuenq/oxford-pets_20231110-083306-254553,1,134.79706859588623,10000.0,,
apple/mobilevit-small,pcuenq/oxford-pets,metrics,pcuenq/oxford-pets_20231110-083306-254553,1,123.37075352668762,15000.0,,
apple/mobilevit-small,pcuenq/oxford-pets,metrics,pcuenq/oxford-pets_20231110-083306-254553,1,34.41515755653381,1000.0,,
facebook/deit-base-patch16-224,pcuenq/oxford-pets,metrics,pcuenq/oxford-pets_20231110-083306-254553,1,121.64688897132874,30000.0,,
facebook/deit-base-patch16-224,pcuenq/oxford-pets,metrics,pcuenq/oxford-pets_20231110-083306-254553,1,102.78723669052124,15000.0,,
facebook/deit-base-patch16-224,pcuenq/oxford-pets,metrics,pcuenq/oxford-pets_20231110-083306-254553,1,25.505746126174927,1000.0,,
facebook/deit-base-patch16-224,pcuenq/oxford-pets,metrics,pcuenq/oxford-pets_20231110-083306-254553,1,112.72710347175598,10000.0,,
facebook/deit-small-patch16-224,pcuenq/oxford-pets,metrics,pcuenq/oxford-pets_20231110-083306-254553,1,115.74946761131288,30000.0,,
facebook/deit-base-patch16-224,pcuenq/oxford-pets,metrics,pcuenq/oxford-pets_20231110-083306-254553,1,30.29973316192627,500.0,,
facebook/deit-small-patch16-224,pcuenq/oxford-pets,metrics,pcuenq/oxford-pets_20231110-083306-254553,1,25.641263008117676,1000.0,,
facebook/deit-small-patch16-224,pcuenq/oxford-pets,metrics,pcuenq/oxford-pets_20231110-083306-254553,1,106.903644323349,10000.0,,
facebook/deit-small-patch16-224,pcuenq/oxford-pets,metrics,pcuenq/oxford-pets_20231110-083306-254553,1,88.97833371162415,15000.0,,
facebook/deit-tiny-patch16-224,pcuenq/oxford-pets,metrics,pcuenq/oxford-pets_20231110-083306-254553,1,125.37959408760072,15000.0,,
facebook/deit-tiny-patch16-224,pcuenq/oxford-pets,metrics,pcuenq/oxford-pets_20231110-083306-254553,1,125.31051301956175,30000.0,,
facebook/deit-tiny-patch16-224,pcuenq/oxford-pets,metrics,pcuenq/oxford-pets_20231110-083306-254553,1,114.59405899047852,10000.0,,
facebook/deit-small-patch16-224,pcuenq/oxford-pets,metrics,pcuenq/oxford-pets_20231110-083306-254553,1,29.091671228408813,500.0,,
facebook/deit-tiny-patch16-224,pcuenq/oxford-pets,metrics,pcuenq/oxford-pets_20231110-083306-254553,1,30.408499479293823,500.0,,
facebook/deit-tiny-patch16-224,pcuenq/oxford-pets,metrics,pcuenq/oxford-pets_20231110-083306-254553,1,38.786625146865845,1000.0,,
microsoft/swinv2-base-patch4-window8-256,pcuenq/oxford-pets,train,pcuenq/oxford-pets_20231109-155448-833161,1,49.93080282211304,1102.3500000000001,0.2,10.0
microsoft/swin-base-patch4-window12-384,pcuenq/oxford-pets,train,pcuenq/oxford-pets_20231109-155448-833161,1,77.86970448493958,1102.3500000000001,0.2,10.0
facebook/dinov2-base-imagenet1k-1-layer,pcuenq/oxford-pets,train,pcuenq/oxford-pets_20231109-155448-833161,1,37.72466564178467,1102.3500000000001,0.2,10.0
facebook/dinov2-small-imagenet1k-1-layer,pcuenq/oxford-pets,train,pcuenq/oxford-pets_20231109-155448-833161,1,52.54457354545593,1102.3500000000001,0.2,10.0
microsoft/swin-large-patch4-window12-384-in22k,pcuenq/oxford-pets,train,pcuenq/oxford-pets_20231109-155448-833161,1,137.28762459754944,1102.3500000000001,0.2,10.0
microsoft/beit-base-patch16-224-pt22k-ft22k,pcuenq/oxford-pets,train,pcuenq/oxford-pets_20231109-155448-833161,1,33.65415620803833,1102.3500000000001,0.2,10.0
microsoft/beit-base-patch16-224,pcuenq/oxford-pets,train,pcuenq/oxford-pets_20231109-155448-833161,1,56.27870845794678,1102.3500000000001,0.2,10.0
microsoft/beit-large-patch16-512,pcuenq/oxford-pets,train,pcuenq/oxford-pets_20231109-155448-833161,1,291.0652618408203,1102.3500000000001,0.2,10.0
facebook/deit-base-patch16-384,pcuenq/oxford-pets,train,pcuenq/oxford-pets_20231109-155448-833161,1,73.13489723205566,1102.3500000000001,0.2,10.0
microsoft/cvt-21-384-22k,pcuenq/oxford-pets,train,pcuenq/oxford-pets_20231109-155448-833161,1,100.0088393688202,1102.3500000000001,0.2,10.0
microsoft/cvt-13,pcuenq/oxford-pets,train,pcuenq/oxford-pets_20231109-155448-833161,1,56.34218621253967,1102.3500000000001,0.2,10.0
google/vit-large-patch16-224,pcuenq/oxford-pets,train,pcuenq/oxford-pets_20231109-155448-833161,1,54.46645402908325,1102.3500000000001,0.2,10.0
google/vit-base-patch16-384,pcuenq/oxford-pets,train,pcuenq/oxford-pets_20231109-155448-833161,1,103.4260778427124,1102.3500000000001,0.2,10.0
apple/mobilevit-xx-small,pcuenq/oxford-pets,train,pcuenq/oxford-pets_20231109-155448-833161,1,30.680381298065186,1102.3500000000001,0.2,10.0
apple/mobilevit-small,pcuenq/oxford-pets,train,pcuenq/oxford-pets_20231109-155448-833161,1,270.4708755016327,5511.75,1.0,10.0
facebook/deit-base-patch16-224,pcuenq/oxford-pets,train,pcuenq/oxford-pets_20231109-155448-833161,1,432.188978433609,9976.2675,1.81,10.0
facebook/deit-small-patch16-224,pcuenq/oxford-pets,train,pcuenq/oxford-pets_20231109-155448-833161,1,1860.916338682175,55117.5,10.0,10.0
facebook/deit-tiny-patch16-224,pcuenq/oxford-pets,train,pcuenq/oxford-pets_20231109-155448-833161,1,1851.7713906764984,55117.5,10.0,10.0
microsoft/swinv2-base-patch4-window8-256,pcuenq/oxford-pets,metrics,pcuenq/oxford-pets_20231109-155448-833161,1,166.5528507232666,30000.0,,
microsoft/swinv2-base-patch4-window8-256,pcuenq/oxford-pets,metrics,pcuenq/oxford-pets_20231109-155448-833161,1,161.11067056655884,15000.0,,
microsoft/swinv2-base-patch4-window8-256,pcuenq/oxford-pets,metrics,pcuenq/oxford-pets_20231109-155448-833161,1,165.0447735786438,10000.0,,
microsoft/swinv2-base-patch4-window8-256,pcuenq/oxford-pets,metrics,pcuenq/oxford-pets_20231109-155448-833161,1,33.9641010761261,1000.0,,
microsoft/swinv2-base-patch4-window8-256,pcuenq/oxford-pets,metrics,pcuenq/oxford-pets_20231109-155448-833161,1,39.6986939907074,500.0,,
microsoft/swin-base-patch4-window12-384,pcuenq/oxford-pets,metrics,pcuenq/oxford-pets_20231109-155448-833161,1,208.56561827659607,30000.0,,
microsoft/swin-base-patch4-window12-384,pcuenq/oxford-pets,metrics,pcuenq/oxford-pets_20231109-155448-833161,1,205.56567907333377,15000.0,,
microsoft/swin-base-patch4-window12-384,pcuenq/oxford-pets,metrics,pcuenq/oxford-pets_20231109-155448-833161,1,198.08536171913147,10000.0,,
microsoft/swin-base-patch4-window12-384,pcuenq/oxford-pets,metrics,pcuenq/oxford-pets_20231109-155448-833161,1,35.492950677871704,1000.0,,
facebook/dinov2-base-imagenet1k-1-layer,pcuenq/oxford-pets,metrics,pcuenq/oxford-pets_20231109-155448-833161,1,162.948584318161,30000.0,,
microsoft/swin-base-patch4-window12-384,pcuenq/oxford-pets,metrics,pcuenq/oxford-pets_20231109-155448-833161,1,63.65485763549805,500.0,,
facebook/dinov2-base-imagenet1k-1-layer,pcuenq/oxford-pets,metrics,pcuenq/oxford-pets_20231109-155448-833161,1,162.9087736606598,15000.0,,
facebook/dinov2-base-imagenet1k-1-layer,pcuenq/oxford-pets,metrics,pcuenq/oxford-pets_20231109-155448-833161,1,163.04112768173218,10000.0,,
facebook/dinov2-base-imagenet1k-1-layer,pcuenq/oxford-pets,metrics,pcuenq/oxford-pets_20231109-155448-833161,1,22.95982813835144,500.0,,
facebook/dinov2-base-imagenet1k-1-layer,pcuenq/oxford-pets,metrics,pcuenq/oxford-pets_20231109-155448-833161,1,34.44936990737915,1000.0,,
facebook/dinov2-small-imagenet1k-1-layer,pcuenq/oxford-pets,metrics,pcuenq/oxford-pets_20231109-155448-833161,1,131.12049794197085,30000.0,,
facebook/dinov2-small-imagenet1k-1-layer,pcuenq/oxford-pets,metrics,pcuenq/oxford-pets_20231109-155448-833161,1,134.34947633743286,15000.0,,
facebook/dinov2-small-imagenet1k-1-layer,pcuenq/oxford-pets,metrics,pcuenq/oxford-pets_20231109-155448-833161,1,137.3755567073822,10000.0,,
facebook/dinov2-small-imagenet1k-1-layer,pcuenq/oxford-pets,metrics,pcuenq/oxford-pets_20231109-155448-833161,1,27.62196397781372,1000.0,,
microsoft/swin-large-patch4-window12-384-in22k,pcuenq/oxford-pets,metrics,pcuenq/oxford-pets_20231109-155448-833161,1,253.51940202713013,30000.0,,
facebook/dinov2-small-imagenet1k-1-layer,pcuenq/oxford-pets,metrics,pcuenq/oxford-pets_20231109-155448-833161,1,19.956218004226685,500.0,,
microsoft/swin-large-patch4-window12-384-in22k,pcuenq/oxford-pets,metrics,pcuenq/oxford-pets_20231109-155448-833161,1,252.53670501708984,10000.0,,
microsoft/swin-large-patch4-window12-384-in22k,pcuenq/oxford-pets,metrics,pcuenq/oxford-pets_20231109-155448-833161,1,251.2992866039276,15000.0,,
microsoft/swin-large-patch4-window12-384-in22k,pcuenq/oxford-pets,metrics,pcuenq/oxford-pets_20231109-155448-833161,1,48.871397495269775,1000.0,,
microsoft/beit-base-patch16-224-pt22k-ft22k,pcuenq/oxford-pets,metrics,pcuenq/oxford-pets_20231109-155448-833161,1,121.54251766204834,30000.0,,
microsoft/swin-large-patch4-window12-384-in22k,pcuenq/oxford-pets,metrics,pcuenq/oxford-pets_20231109-155448-833161,1,33.280569314956665,500.0,,
microsoft/beit-base-patch16-224-pt22k-ft22k,pcuenq/oxford-pets,metrics,pcuenq/oxford-pets_20231109-155448-833161,1,118.92208695411682,15000.0,,
microsoft/beit-base-patch16-224-pt22k-ft22k,pcuenq/oxford-pets,metrics,pcuenq/oxford-pets_20231109-155448-833161,1,118.55310583114624,10000.0,,
microsoft/beit-base-patch16-224-pt22k-ft22k,pcuenq/oxford-pets,metrics,pcuenq/oxford-pets_20231109-155448-833161,1,25.041333198547363,1000.0,,
microsoft/beit-base-patch16-224-pt22k-ft22k,pcuenq/oxford-pets,metrics,pcuenq/oxford-pets_20231109-155448-833161,1,19.226320266723633,500.0,,
microsoft/beit-base-patch16-224,pcuenq/oxford-pets,metrics,pcuenq/oxford-pets_20231109-155448-833161,1,119.98765969276428,30000.0,,
microsoft/beit-base-patch16-224,pcuenq/oxford-pets,metrics,pcuenq/oxford-pets_20231109-155448-833161,1,121.96964192390442,15000.0,,
microsoft/beit-base-patch16-224,pcuenq/oxford-pets,metrics,pcuenq/oxford-pets_20231109-155448-833161,1,119.0832130908966,10000.0,,
microsoft/beit-base-patch16-224,pcuenq/oxford-pets,metrics,pcuenq/oxford-pets_20231109-155448-833161,1,28.317277669906616,1000.0,,
microsoft/beit-base-patch16-224,pcuenq/oxford-pets,metrics,pcuenq/oxford-pets_20231109-155448-833161,1,23.339630365371704,500.0,,
microsoft/beit-large-patch16-512,pcuenq/oxford-pets,metrics,pcuenq/oxford-pets_20231109-155448-833161,1,603.8819959163666,30000.0,,
microsoft/beit-large-patch16-512,pcuenq/oxford-pets,metrics,pcuenq/oxford-pets_20231109-155448-833161,1,607.7701711654663,15000.0,,
microsoft/beit-large-patch16-512,pcuenq/oxford-pets,metrics,pcuenq/oxford-pets_20231109-155448-833161,1,100.04197239875792,1000.0,,
microsoft/beit-large-patch16-512,pcuenq/oxford-pets,metrics,pcuenq/oxford-pets_20231109-155448-833161,1,603.1881241798401,10000.0,,
microsoft/beit-large-patch16-512,pcuenq/oxford-pets,metrics,pcuenq/oxford-pets_20231109-155448-833161,1,59.174514055252075,500.0,,
facebook/deit-base-patch16-384,pcuenq/oxford-pets,metrics,pcuenq/oxford-pets_20231109-155448-833161,1,188.31914234161377,30000.0,,
facebook/deit-base-patch16-384,pcuenq/oxford-pets,metrics,pcuenq/oxford-pets_20231109-155448-833161,1,189.47580790519712,15000.0,,
facebook/deit-base-patch16-384,pcuenq/oxford-pets,metrics,pcuenq/oxford-pets_20231109-155448-833161,1,186.82127165794373,10000.0,,
facebook/deit-base-patch16-384,pcuenq/oxford-pets,metrics,pcuenq/oxford-pets_20231109-155448-833161,1,36.07265400886536,1000.0,,
facebook/deit-base-patch16-384,pcuenq/oxford-pets,metrics,pcuenq/oxford-pets_20231109-155448-833161,1,27.592957973480225,500.0,,
microsoft/cvt-21-384-22k,pcuenq/oxford-pets,metrics,pcuenq/oxford-pets_20231109-155448-833161,1,180.59241127967832,30000.0,,
microsoft/cvt-21-384-22k,pcuenq/oxford-pets,metrics,pcuenq/oxford-pets_20231109-155448-833161,1,180.31115055084229,15000.0,,
microsoft/cvt-21-384-22k,pcuenq/oxford-pets,metrics,pcuenq/oxford-pets_20231109-155448-833161,1,181.0542140007019,10000.0,,
microsoft/cvt-21-384-22k,pcuenq/oxford-pets,metrics,pcuenq/oxford-pets_20231109-155448-833161,1,33.350560426712036,1000.0,,
microsoft/cvt-21-384-22k,pcuenq/oxford-pets,metrics,pcuenq/oxford-pets_20231109-155448-833161,1,27.77233648300171,500.0,,
microsoft/cvt-13,pcuenq/oxford-pets,metrics,pcuenq/oxford-pets_20231109-155448-833161,1,134.56645727157593,30000.0,,
microsoft/cvt-13,pcuenq/oxford-pets,metrics,pcuenq/oxford-pets_20231109-155448-833161,1,135.108229637146,15000.0,,
microsoft/cvt-13,pcuenq/oxford-pets,metrics,pcuenq/oxford-pets_20231109-155448-833161,1,133.48323273658752,10000.0,,
microsoft/cvt-13,pcuenq/oxford-pets,metrics,pcuenq/oxford-pets_20231109-155448-833161,1,26.72056579589844,1000.0,,
microsoft/cvt-13,pcuenq/oxford-pets,metrics,pcuenq/oxford-pets_20231109-155448-833161,1,20.613702297210693,500.0,,
google/vit-large-patch16-224,pcuenq/oxford-pets,metrics,pcuenq/oxford-pets_20231109-155448-833161,1,167.52872943878174,30000.0,,
google/vit-large-patch16-224,pcuenq/oxford-pets,metrics,pcuenq/oxford-pets_20231109-155448-833161,1,165.34117937088013,15000.0,,
google/vit-large-patch16-224,pcuenq/oxford-pets,metrics,pcuenq/oxford-pets_20231109-155448-833161,1,168.51420879364014,10000.0,,
google/vit-large-patch16-224,pcuenq/oxford-pets,metrics,pcuenq/oxford-pets_20231109-155448-833161,1,49.10008263587952,1000.0,,
google/vit-large-patch16-224,pcuenq/oxford-pets,metrics,pcuenq/oxford-pets_20231109-155448-833161,1,33.50891613960266,500.0,,
google/vit-base-patch16-384,pcuenq/oxford-pets,metrics,pcuenq/oxford-pets_20231109-155448-833161,1,194.4609715938568,30000.0,,
google/vit-base-patch16-384,pcuenq/oxford-pets,metrics,pcuenq/oxford-pets_20231109-155448-833161,1,200.7593319416046,15000.0,,
google/vit-base-patch16-384,pcuenq/oxford-pets,metrics,pcuenq/oxford-pets_20231109-155448-833161,1,193.97525715827945,10000.0,,
google/vit-base-patch16-384,pcuenq/oxford-pets,metrics,pcuenq/oxford-pets_20231109-155448-833161,1,37.44151425361633,1000.0,,
google/vit-base-patch16-384,pcuenq/oxford-pets,metrics,pcuenq/oxford-pets_20231109-155448-833161,1,24.491570949554443,500.0,,
apple/mobilevit-xx-small,pcuenq/oxford-pets,metrics,pcuenq/oxford-pets_20231109-155448-833161,1,125.2047197818756,30000.0,,
apple/mobilevit-xx-small,pcuenq/oxford-pets,metrics,pcuenq/oxford-pets_20231109-155448-833161,1,122.22450566291808,15000.0,,
apple/mobilevit-xx-small,pcuenq/oxford-pets,metrics,pcuenq/oxford-pets_20231109-155448-833161,1,123.64556884765624,10000.0,,
apple/mobilevit-xx-small,pcuenq/oxford-pets,metrics,pcuenq/oxford-pets_20231109-155448-833161,1,26.94619393348694,1000.0,,
apple/mobilevit-xx-small,pcuenq/oxford-pets,metrics,pcuenq/oxford-pets_20231109-155448-833161,1,17.45500659942627,500.0,,
apple/mobilevit-small,pcuenq/oxford-pets,metrics,pcuenq/oxford-pets_20231109-155448-833161,1,125.1518828868866,30000.0,,
apple/mobilevit-small,pcuenq/oxford-pets,metrics,pcuenq/oxford-pets_20231109-155448-833161,1,129.5758571624756,15000.0,,
apple/mobilevit-small,pcuenq/oxford-pets,metrics,pcuenq/oxford-pets_20231109-155448-833161,1,121.95554113388062,10000.0,,
apple/mobilevit-small,pcuenq/oxford-pets,metrics,pcuenq/oxford-pets_20231109-155448-833161,1,24.19447112083435,1000.0,,
apple/mobilevit-small,pcuenq/oxford-pets,metrics,pcuenq/oxford-pets_20231109-155448-833161,1,18.09344983100891,500.0,,
facebook/deit-base-patch16-224,pcuenq/oxford-pets,metrics,pcuenq/oxford-pets_20231109-155448-833161,1,127.4018189907074,30000.0,,
facebook/deit-base-patch16-224,pcuenq/oxford-pets,metrics,pcuenq/oxford-pets_20231109-155448-833161,1,128.2009344100952,15000.0,,
facebook/deit-base-patch16-224,pcuenq/oxford-pets,metrics,pcuenq/oxford-pets_20231109-155448-833161,1,130.64876556396484,10000.0,,
facebook/deit-base-patch16-224,pcuenq/oxford-pets,metrics,pcuenq/oxford-pets_20231109-155448-833161,1,26.212144374847412,1000.0,,
facebook/deit-base-patch16-224,pcuenq/oxford-pets,metrics,pcuenq/oxford-pets_20231109-155448-833161,1,22.690253734588623,500.0,,
facebook/deit-small-patch16-224,pcuenq/oxford-pets,metrics,pcuenq/oxford-pets_20231109-155448-833161,1,97.7586612701416,30000.0,,
facebook/deit-small-patch16-224,pcuenq/oxford-pets,metrics,pcuenq/oxford-pets_20231109-155448-833161,1,113.0435733795166,15000.0,,
facebook/deit-small-patch16-224,pcuenq/oxford-pets,metrics,pcuenq/oxford-pets_20231109-155448-833161,1,113.26406240463255,10000.0,,
facebook/deit-small-patch16-224,pcuenq/oxford-pets,metrics,pcuenq/oxford-pets_20231109-155448-833161,1,23.93159127235413,1000.0,,
facebook/deit-small-patch16-224,pcuenq/oxford-pets,metrics,pcuenq/oxford-pets_20231109-155448-833161,1,16.636625289916992,500.0,,
facebook/deit-tiny-patch16-224,pcuenq/oxford-pets,metrics,pcuenq/oxford-pets_20231109-155448-833161,1,104.1565089225769,30000.0,,
facebook/deit-tiny-patch16-224,pcuenq/oxford-pets,metrics,pcuenq/oxford-pets_20231109-155448-833161,1,111.7387993335724,15000.0,,
facebook/deit-tiny-patch16-224,pcuenq/oxford-pets,metrics,pcuenq/oxford-pets_20231109-155448-833161,1,108.33879160881042,10000.0,,
facebook/deit-tiny-patch16-224,pcuenq/oxford-pets,metrics,pcuenq/oxford-pets_20231109-155448-833161,1,23.78960156440735,1000.0,,
facebook/deit-tiny-patch16-224,pcuenq/oxford-pets,metrics,pcuenq/oxford-pets_20231109-155448-833161,1,23.744874954223633,500.0,,
facebook/dinov2-base-imagenet1k-1-layer,pcuenq/oxford-pets,train,pcuenq/oxford-pets_20231108-120520-157889,1,2629.7624082565308,55117.5,10.0,10.0
facebook/dinov2-small-imagenet1k-1-layer,pcuenq/oxford-pets,train,pcuenq/oxford-pets_20231108-120520-157889,1,2118.589047908783,55117.5,10.0,10.0
microsoft/swin-large-patch4-window12-384-in22k,pcuenq/oxford-pets,train,pcuenq/oxford-pets_20231108-120520-157889,1,7228.024456739426,55117.5,10.0,10.0
microsoft/beit-base-patch16-224-pt22k-ft22k,pcuenq/oxford-pets,train,pcuenq/oxford-pets_20231108-120520-157889,1,2412.254668235779,55117.5,10.0,10.0
microsoft/beit-base-patch16-224,pcuenq/oxford-pets,train,pcuenq/oxford-pets_20231108-120520-157889,1,2371.4796483516693,55117.5,10.0,10.0
microsoft/beit-large-patch16-512,pcuenq/oxford-pets,train,pcuenq/oxford-pets_20231108-120520-157889,1,18288.37713265419,55117.5,10.0,10.0
facebook/deit-base-patch16-384,pcuenq/oxford-pets,train,pcuenq/oxford-pets_20231108-120520-157889,1,4900.9968140125275,55117.5,10.0,10.0
microsoft/cvt-21-384-22k,pcuenq/oxford-pets,train,pcuenq/oxford-pets_20231108-120520-157889,1,4308.044277429581,55117.5,10.0,10.0
microsoft/cvt-13,pcuenq/oxford-pets,train,pcuenq/oxford-pets_20231108-120520-157889,1,2298.6473762989044,55117.5,10.0,10.0
google/vit-large-patch16-224,pcuenq/oxford-pets,train,pcuenq/oxford-pets_20231108-120520-157889,1,3966.556282520294,55117.5,10.0,10.0
google/vit-base-patch16-384,pcuenq/oxford-pets,train,pcuenq/oxford-pets_20231108-120520-157889,1,4766.337782382965,55117.5,10.0,10.0
apple/mobilevit-xx-small,pcuenq/oxford-pets,train,pcuenq/oxford-pets_20231108-120520-157889,1,2128.4579961299896,55117.5,10.0,10.0
apple/mobilevit-small,pcuenq/oxford-pets,train,pcuenq/oxford-pets_20231108-120520-157889,1,2090.3825023174286,55117.5,10.0,10.0
facebook/deit-base-patch16-224,pcuenq/oxford-pets,train,pcuenq/oxford-pets_20231108-120520-157889,1,2361.910373687744,55117.5,10.0,10.0
facebook/deit-tiny-patch16-224,pcuenq/oxford-pets,train,pcuenq/oxford-pets_20231108-120520-157889,1,1792.9830996990204,55117.5,10.0,10.0
facebook/deit-small-patch16-224,pcuenq/oxford-pets,train,pcuenq/oxford-pets_20231108-120520-157889,1,1914.9889900684357,55117.5,10.0,10.0
facebook/dinov2-base-imagenet1k-1-layer,pcuenq/oxford-pets,metrics,pcuenq/oxford-pets_20231108-120520-157889,1,322.451877117157,30000.0,,
facebook/dinov2-base-imagenet1k-1-layer,pcuenq/oxford-pets,metrics,pcuenq/oxford-pets_20231108-120520-157889,1,338.9522063732147,15000.0,,
facebook/dinov2-base-imagenet1k-1-layer,pcuenq/oxford-pets,metrics,pcuenq/oxford-pets_20231108-120520-157889,1,328.88768005371094,10000.0,,
facebook/dinov2-base-imagenet1k-1-layer,pcuenq/oxford-pets,metrics,pcuenq/oxford-pets_20231108-120520-157889,1,54.147061586380005,1000.0,,
facebook/dinov2-base-imagenet1k-1-layer,pcuenq/oxford-pets,metrics,pcuenq/oxford-pets_20231108-120520-157889,1,36.982856035232544,500.0,,
facebook/dinov2-small-imagenet1k-1-layer,pcuenq/oxford-pets,metrics,pcuenq/oxford-pets_20231108-120520-157889,1,180.115234375,30000.0,,
facebook/dinov2-small-imagenet1k-1-layer,pcuenq/oxford-pets,metrics,pcuenq/oxford-pets_20231108-120520-157889,1,190.80010390281677,15000.0,,
facebook/dinov2-small-imagenet1k-1-layer,pcuenq/oxford-pets,metrics,pcuenq/oxford-pets_20231108-120520-157889,1,189.72106170654297,10000.0,,
facebook/dinov2-small-imagenet1k-1-layer,pcuenq/oxford-pets,metrics,pcuenq/oxford-pets_20231108-120520-157889,1,32.633882999420166,1000.0,,
facebook/dinov2-small-imagenet1k-1-layer,pcuenq/oxford-pets,metrics,pcuenq/oxford-pets_20231108-120520-157889,1,24.71127700805664,500.0,,
facebook/levit-128S,pcuenq/oxford-pets,metrics,pcuenq/oxford-pets_20231108-120520-157889,1,113.12070059776306,30000.0,,
facebook/levit-128S,pcuenq/oxford-pets,metrics,pcuenq/oxford-pets_20231108-120520-157889,1,123.04514479637146,15000.0,,
facebook/levit-128S,pcuenq/oxford-pets,metrics,pcuenq/oxford-pets_20231108-120520-157889,1,110.0865387916565,10000.0,,
facebook/levit-128S,pcuenq/oxford-pets,metrics,pcuenq/oxford-pets_20231108-120520-157889,1,24.542536973953247,1000.0,,
facebook/levit-128S,pcuenq/oxford-pets,metrics,pcuenq/oxford-pets_20231108-120520-157889,1,21.915454626083378,500.0,,
microsoft/swin-large-patch4-window12-384-in22k,pcuenq/oxford-pets,metrics,pcuenq/oxford-pets_20231108-120520-157889,1,1405.8598976135254,30000.0,,
microsoft/swin-large-patch4-window12-384-in22k,pcuenq/oxford-pets,metrics,pcuenq/oxford-pets_20231108-120520-157889,1,1460.1961328983307,15000.0,,
microsoft/swin-large-patch4-window12-384-in22k,pcuenq/oxford-pets,metrics,pcuenq/oxford-pets_20231108-120520-157889,1,1412.195459127426,10000.0,,
microsoft/swin-large-patch4-window12-384-in22k,pcuenq/oxford-pets,metrics,pcuenq/oxford-pets_20231108-120520-157889,1,209.46508741378784,1000.0,,
microsoft/swin-large-patch4-window12-384-in22k,pcuenq/oxford-pets,metrics,pcuenq/oxford-pets_20231108-120520-157889,1,123.8674087524414,500.0,,
microsoft/beit-base-patch16-224-pt22k-ft22k,pcuenq/oxford-pets,metrics,pcuenq/oxford-pets_20231108-120520-157889,1,279.22371220588684,30000.0,,
microsoft/beit-base-patch16-224-pt22k-ft22k,pcuenq/oxford-pets,metrics,pcuenq/oxford-pets_20231108-120520-157889,1,289.09120655059814,15000.0,,
microsoft/beit-base-patch16-224-pt22k-ft22k,pcuenq/oxford-pets,metrics,pcuenq/oxford-pets_20231108-120520-157889,1,280.40072107315063,10000.0,,
microsoft/beit-base-patch16-224-pt22k-ft22k,pcuenq/oxford-pets,metrics,pcuenq/oxford-pets_20231108-120520-157889,1,47.643020153045654,1000.0,,
microsoft/beit-base-patch16-224-pt22k-ft22k,pcuenq/oxford-pets,metrics,pcuenq/oxford-pets_20231108-120520-157889,1,33.62001323699951,500.0,,
microsoft/beit-base-patch16-224,pcuenq/oxford-pets,metrics,pcuenq/oxford-pets_20231108-120520-157889,1,286.8146290779114,30000.0,,
microsoft/beit-base-patch16-224,pcuenq/oxford-pets,metrics,pcuenq/oxford-pets_20231108-120520-157889,1,277.7986464500427,15000.0,,
microsoft/beit-base-patch16-224,pcuenq/oxford-pets,metrics,pcuenq/oxford-pets_20231108-120520-157889,1,286.8351593017578,10000.0,,
microsoft/beit-base-patch16-224,pcuenq/oxford-pets,metrics,pcuenq/oxford-pets_20231108-120520-157889,1,47.54766654968262,1000.0,,
microsoft/beit-base-patch16-224,pcuenq/oxford-pets,metrics,pcuenq/oxford-pets_20231108-120520-157889,1,37.01012921333313,500.0,,
microsoft/beit-large-patch16-512,pcuenq/oxford-pets,metrics,pcuenq/oxford-pets_20231108-120520-157889,1,4163.433436155319,30000.0,,
microsoft/beit-large-patch16-512,pcuenq/oxford-pets,metrics,pcuenq/oxford-pets_20231108-120520-157889,1,4638.883455991745,15000.0,,
microsoft/beit-large-patch16-512,pcuenq/oxford-pets,metrics,pcuenq/oxford-pets_20231108-120520-157889,1,4224.829642057419,10000.0,,
microsoft/beit-large-patch16-512,pcuenq/oxford-pets,metrics,pcuenq/oxford-pets_20231108-120520-157889,1,640.6294460296631,1000.0,,
microsoft/beit-large-patch16-512,pcuenq/oxford-pets,metrics,pcuenq/oxford-pets_20231108-120520-157889,1,362.6129932403565,500.0,,
facebook/deit-base-distilled-patch16-384,pcuenq/oxford-pets,metrics,pcuenq/oxford-pets_20231108-120520-157889,1,880.8606629371643,30000.0,,
facebook/deit-base-distilled-patch16-384,pcuenq/oxford-pets,metrics,pcuenq/oxford-pets_20231108-120520-157889,1,825.2690374851227,15000.0,,
facebook/deit-base-distilled-patch16-384,pcuenq/oxford-pets,metrics,pcuenq/oxford-pets_20231108-120520-157889,1,1034.5802719593048,10000.0,,
facebook/deit-base-distilled-patch16-384,pcuenq/oxford-pets,metrics,pcuenq/oxford-pets_20231108-120520-157889,1,125.70016193389893,1000.0,,
facebook/deit-base-distilled-patch16-384,pcuenq/oxford-pets,metrics,pcuenq/oxford-pets_20231108-120520-157889,1,73.8051290512085,500.0,,
facebook/deit-base-patch16-384,pcuenq/oxford-pets,metrics,pcuenq/oxford-pets_20231108-120520-157889,1,1014.0696601867676,30000.0,,
facebook/deit-base-patch16-384,pcuenq/oxford-pets,metrics,pcuenq/oxford-pets_20231108-120520-157889,1,846.3504173755646,10000.0,,
facebook/deit-base-patch16-384,pcuenq/oxford-pets,metrics,pcuenq/oxford-pets_20231108-120520-157889,1,793.0296206474304,15000.0,,
facebook/deit-base-patch16-384,pcuenq/oxford-pets,metrics,pcuenq/oxford-pets_20231108-120520-157889,1,145.05337071418762,1000.0,,
facebook/deit-base-patch16-384,pcuenq/oxford-pets,metrics,pcuenq/oxford-pets_20231108-120520-157889,1,63.38815140724182,500.0,,
microsoft/cvt-21-384-22k,pcuenq/oxford-pets,metrics,pcuenq/oxford-pets_20231108-120520-157889,1,549.8786909580231,30000.0,,
microsoft/cvt-21-384-22k,pcuenq/oxford-pets,metrics,pcuenq/oxford-pets_20231108-120520-157889,1,570.9610455036163,15000.0,,
microsoft/cvt-21-384-22k,pcuenq/oxford-pets,metrics,pcuenq/oxford-pets_20231108-120520-157889,1,692.4022505283356,10000.0,,
microsoft/cvt-21-384-22k,pcuenq/oxford-pets,metrics,pcuenq/oxford-pets_20231108-120520-157889,1,47.58260893821716,500.0,,
microsoft/cvt-21-384-22k,pcuenq/oxford-pets,metrics,pcuenq/oxford-pets_20231108-120520-157889,1,99.2265009880066,1000.0,,
microsoft/cvt-13,pcuenq/oxford-pets,metrics,pcuenq/oxford-pets_20231108-120520-157889,1,197.35093903541565,30000.0,,
microsoft/cvt-13,pcuenq/oxford-pets,metrics,pcuenq/oxford-pets_20231108-120520-157889,1,33.93299889564514,1000.0,,
microsoft/cvt-13,pcuenq/oxford-pets,metrics,pcuenq/oxford-pets_20231108-120520-157889,1,187.8219738006592,10000.0,,
microsoft/cvt-13,pcuenq/oxford-pets,metrics,pcuenq/oxford-pets_20231108-120520-157889,1,183.61029744148257,15000.0,,
microsoft/cvt-13,pcuenq/oxford-pets,metrics,pcuenq/oxford-pets_20231108-120520-157889,1,25.24945616722107,500.0,,
google/vit-large-patch16-224,pcuenq/oxford-pets,metrics,pcuenq/oxford-pets_20231108-120520-157889,1,796.7823259830475,30000.0,,
google/vit-large-patch16-224,pcuenq/oxford-pets,metrics,pcuenq/oxford-pets_20231108-120520-157889,1,899.0255870819092,15000.0,,
google/vit-large-patch16-224,pcuenq/oxford-pets,metrics,pcuenq/oxford-pets_20231108-120520-157889,1,885.8532214164734,10000.0,,
google/vit-large-patch16-224,pcuenq/oxford-pets,metrics,pcuenq/oxford-pets_20231108-120520-157889,1,107.04495692253111,1000.0,,
google/vit-large-patch16-224,pcuenq/oxford-pets,metrics,pcuenq/oxford-pets_20231108-120520-157889,1,83.10590839385986,500.0,,
google/vit-base-patch16-384,pcuenq/oxford-pets,metrics,pcuenq/oxford-pets_20231108-120520-157889,1,908.857839345932,30000.0,,
google/vit-base-patch16-384,pcuenq/oxford-pets,metrics,pcuenq/oxford-pets_20231108-120520-157889,1,1026.2210416793823,15000.0,,
google/vit-base-patch16-384,pcuenq/oxford-pets,metrics,pcuenq/oxford-pets_20231108-120520-157889,1,1035.6216270923617,10000.0,,
google/vit-base-patch16-384,pcuenq/oxford-pets,metrics,pcuenq/oxford-pets_20231108-120520-157889,1,93.01323580741882,500.0,,
google/vit-base-patch16-384,pcuenq/oxford-pets,metrics,pcuenq/oxford-pets_20231108-120520-157889,1,141.02336192131042,1000.0,,
apple/mobilevit-xx-small,pcuenq/oxford-pets,metrics,pcuenq/oxford-pets_20231108-120520-157889,1,151.4796438217163,30000.0,,
apple/mobilevit-xx-small,pcuenq/oxford-pets,metrics,pcuenq/oxford-pets_20231108-120520-157889,1,168.1802818775177,10000.0,,
apple/mobilevit-xx-small,pcuenq/oxford-pets,metrics,pcuenq/oxford-pets_20231108-120520-157889,1,171.21755123138428,15000.0,,
apple/mobilevit-xx-small,pcuenq/oxford-pets,metrics,pcuenq/oxford-pets_20231108-120520-157889,1,25.688910722732544,1000.0,,
apple/mobilevit-xx-small,pcuenq/oxford-pets,metrics,pcuenq/oxford-pets_20231108-120520-157889,1,15.558627605438232,500.0,,
apple/mobilevit-small,pcuenq/oxford-pets,metrics,pcuenq/oxford-pets_20231108-120520-157889,1,284.64064168930054,30000.0,,
apple/mobilevit-small,pcuenq/oxford-pets,metrics,pcuenq/oxford-pets_20231108-120520-157889,1,294.5276517868042,15000.0,,
apple/mobilevit-small,pcuenq/oxford-pets,metrics,pcuenq/oxford-pets_20231108-120520-157889,1,242.77586102485657,10000.0,,
apple/mobilevit-small,pcuenq/oxford-pets,metrics,pcuenq/oxford-pets_20231108-120520-157889,1,42.95279288291931,1000.0,,
apple/mobilevit-small,pcuenq/oxford-pets,metrics,pcuenq/oxford-pets_20231108-120520-157889,1,26.616109132766724,500.0,,
facebook/deit-base-patch16-224,pcuenq/oxford-pets,metrics,pcuenq/oxford-pets_20231108-120520-157889,1,271.86021280288696,15000.0,,
facebook/deit-base-patch16-224,pcuenq/oxford-pets,metrics,pcuenq/oxford-pets_20231108-120520-157889,1,332.0836946964264,30000.0,,
facebook/deit-base-patch16-224,pcuenq/oxford-pets,metrics,pcuenq/oxford-pets_20231108-120520-157889,1,340.7567582130432,10000.0,,
facebook/deit-base-patch16-224,pcuenq/oxford-pets,metrics,pcuenq/oxford-pets_20231108-120520-157889,1,48.600672245025635,1000.0,,
facebook/deit-base-patch16-224,pcuenq/oxford-pets,metrics,pcuenq/oxford-pets_20231108-120520-157889,1,32.345781326293945,500.0,,
facebook/deit-small-patch16-224,pcuenq/oxford-pets,metrics,pcuenq/oxford-pets_20231108-120520-157889,1,164.10855412483215,30000.0,,
facebook/deit-small-patch16-224,pcuenq/oxford-pets,metrics,pcuenq/oxford-pets_20231108-120520-157889,1,160.77744150161743,10000.0,,
facebook/deit-small-patch16-224,pcuenq/oxford-pets,metrics,pcuenq/oxford-pets_20231108-120520-157889,1,151.7020845413208,15000.0,,
facebook/deit-small-patch16-224,pcuenq/oxford-pets,metrics,pcuenq/oxford-pets_20231108-120520-157889,1,27.311277627944943,1000.0,,
facebook/deit-small-patch16-224,pcuenq/oxford-pets,metrics,pcuenq/oxford-pets_20231108-120520-157889,1,26.23058819770813,500.0,,
facebook/deit-tiny-patch16-224,pcuenq/oxford-pets,metrics,pcuenq/oxford-pets_20231108-120520-157889,1,112.83472967147829,30000.0,,
facebook/deit-tiny-patch16-224,pcuenq/oxford-pets,metrics,pcuenq/oxford-pets_20231108-120520-157889,1,116.77227473258972,15000.0,,
facebook/deit-tiny-patch16-224,pcuenq/oxford-pets,metrics,pcuenq/oxford-pets_20231108-120520-157889,1,141.48013710975647,10000.0,,
facebook/deit-tiny-patch16-224,pcuenq/oxford-pets,metrics,pcuenq/oxford-pets_20231108-120520-157889,1,25.83153200149536,1000.0,,
facebook/deit-base-distilled-patch16-224,pcuenq/oxford-pets,metrics,pcuenq/oxford-pets_20231108-120520-157889,1,290.1635661125183,30000.0,,
facebook/deit-tiny-patch16-224,pcuenq/oxford-pets,metrics,pcuenq/oxford-pets_20231108-120520-157889,1,19.16059160232544,500.0,,
facebook/deit-base-distilled-patch16-224,pcuenq/oxford-pets,metrics,pcuenq/oxford-pets_20231108-120520-157889,1,321.30884313583374,15000.0,,
facebook/deit-base-distilled-patch16-224,pcuenq/oxford-pets,metrics,pcuenq/oxford-pets_20231108-120520-157889,1,94.55360865592957,1000.0,,
facebook/deit-base-distilled-patch16-224,pcuenq/oxford-pets,metrics,pcuenq/oxford-pets_20231108-120520-157889,1,365.14426612854,10000.0,,
facebook/deit-base-distilled-patch16-224,pcuenq/oxford-pets,metrics,pcuenq/oxford-pets_20231108-120520-157889,1,79.01255345344543,500.0,,
